cnpj,sigla,nome,bolsa,setor,faturamento,tamanho,confiabilidade_ambiental,maturidade_ambiental,pontuacao_ambiental,confiabilidade_social,maturidade_social,pontuacao_social,confiabilidade_governanca,maturidade_governanca,pontuacao_governanca,pontuacao_total,nivel_risco
00000001744489,DIS,Walt Disney Co,NYSE,Mídia,67418.0,190000,Auditada,Alta,510,Auditada,Média,316,Auditada,Média,321,1147,Risco Moderado
00000001467858,GM,General Motors Co,NYSE,Automóveis,127004.0,158000,Auditada,Alta,510,Auditada,Média,303,Não auditada,Média,255,1068,Risco Moderado
00000000277135,GWW,WW Grainger Inc,NYSE,Empresas Comerciais e Distribuidores,11664.0,25000,Não auditada,Média,255,Auditada,Média,385,Não auditada,Média,240,880,Alto Risco
00000000851968,MHK,Mohawk Industries Inc,NYSE,Produtos de Consumo,10241.0,42000,Auditada,Alta,570,Não auditada,Média,298,Auditada,Média,303,1171,Baixo Risco
00000001335258,LYV,Live Nation Entertainment Inc,NYSE,Mídia,6005.0,11000,Não auditada,Alta,492,Auditada,Média,310,Não auditada,Média,250,1052,Risco Moderado
00000001300514,LVS,Las Vegas Sands Corp,NYSE,Hotéis Restaurantes e Lazer,4218.0,52000,Auditada,Alta,547,Auditada,Média,318,Auditada,Média,313,1178,Baixo Risco
00000000021076,CLX,Clorox Co,NYSE,Produtos de Consumo,7341.0,8700,Auditada,Alta,560,Auditada,Média,350,Auditada,Média,345,1255,Baixo Risco
00000001420529,AACG,ATA Creativity Global,NASDAQ,Serviços Diversificados ao Consumidor,16.0,200,Não auditada,Média,203,Não auditada,Média,200,Não auditada,Média,205,608,Alto Risco
00000000006201,AAL,American Airlines Group Inc,NASDAQ,Companhias Aéreas,17823.0,100100,Não auditada,Média,270,Não auditada,Média,211,Não auditada,Média,265,746,Alto Risco
00000000008177,AAME,Atlantic American Corp,NASDAQ,Seguros,55.0,200,Não auditada,Média,220,Não auditada,Média,221,Auditada,Média,300,741,Alto Risco
00000001158114,AAOI,Applied Optoelectronics Inc,NASDAQ,Comunicações,50.0,750,Auditada,Média,311,Não auditada,Média,256,Não auditada,Média,218,785,Alto Risco
00000000824142,AAON,Aaon Inc,NASDAQ,Construção Civil,600.0,4200,Auditada,Alta,500,Auditada,Média,300,Não auditada,Média,223,1023,Risco Moderado
00000000320193,AAPL,Apple Inc,NASDAQ,Tecnologia,365817.0,154000,Auditada,Média,355,Não auditada,Média,281,Não auditada,Média,255,891,Alto Risco
00000000943034,AATC,Autoscope Technologies Corp,NASDAQ,Equipamentos Elétricos,120.0,1000,Não auditada,Alta,410,Não auditada,Média,286,Não auditada,Média,240,936,Risco Moderado
00000001135185,AAWW,Atlas Air Worldwide Holdings Inc,NASDAQ,Logística e Transporte,1946.0,1900,Auditada,Alta,520,Não auditada,Média,243,Não auditada,Média,237,1000,Risco Moderado
00000001844817,AACI,Armada Acquisition Corp I,NASDAQ,Serviços Financeiros,0.0,50,Não auditada,Média,205,Não auditada,Média,200,Não auditada,Média,200,605,Alto Risco
00000001422142,AADI,Aadi Bioscience Inc,NASDAQ,Biotecnologia,5.0,50,Não auditada,Média,200,Não auditada,Média,201,Não auditada,Média,203,604,Alto Risco
00000000318306,ABEO,Abeona Therapeutics Inc,NASDAQ,Biotecnologia,6.0,80,Não auditada,Média,205,Auditada,Média,306,Auditada,Média,310,821,Alto Risco
00000001559720,ABNB,Airbnb Inc,NASDAQ,Hotéis Restaurantes e Lazer,5992.0,6100,Auditada,Alta,505,Auditada,Alta,570,Não auditada,Alta,400,1475,Baixo Risco
00000000907654,ABIO,ARCA Biopharma Inc,NASDAQ,Biotecnologia,15.0,100,Não auditada,Média,200,Não auditada,Média,222,Não auditada,Média,290,712,Alto Risco
00000000815094,ABMD,ABIOMED Inc,NASDAQ,Cuidados com a Saúde,1053.0,1500,Auditada,Alta,500,Auditada,Média,324,Auditada,Média,305,1129,Risco Moderado
00000001576885,ABOS,Acumen Pharmaceuticals Inc,NASDAQ,Biotecnologia,5.0,80,Não auditada,Média,205,Não auditada,Média,201,Não auditada,Média,200,606,Alto Risco
00000001672688,ABSI,Absci Corp,NASDAQ,Ferramentas e Serviços de Ciências da Vida,50.0,400,Não auditada,Média,205,Não auditada,Média,224,Não auditada,Média,230,659,Alto Risco
00000001642081,ABTX,Allegiance Bancshares Inc,NASDAQ,Bancos,280.0,1000,Não auditada,Média,298,Auditada,Média,300,Auditada,Média,300,898,Alto Risco
00000001447028,ABUS,Arbutus Biopharma Corp,NASDAQ,Biotecnologia,20.0,100,Não auditada,Média,203,Não auditada,Média,204,Auditada,Média,338,745,Alto Risco
00000001173313,ABVC,ABVC Biopharma Inc,NASDAQ,Biotecnologia,5.0,50,Não auditada,Média,220,Não auditada,Média,212,Não auditada,Média,205,637,Alto Risco
00000001070494,ACAD,ACADIA Pharmaceuticals Inc,NASDAQ,Biotecnologia,531.0,500,Não auditada,Média,230,Não auditada,Média,230,Auditada,Média,305,765,Alto Risco
00000001914023,ACAC,Acri Capital Acquisition Corp,NASDAQ,Serviços Financeiros,0.0,20,Não auditada,Média,200,Não auditada,Média,205,Auditada,Média,300,705,Alto Risco
00000001481646,ACCD,Accolade Inc,NASDAQ,Cuidados com a Saúde,130.0,1000,Não auditada,Média,255,Não auditada,Média,254,Não auditada,Média,235,744,Alto Risco
00000001720580,ACET,Adicet Bio Inc,NASDAQ,Biotecnologia,15.0,150,Não auditada,Média,215,Não auditada,Média,211,Auditada,Média,305,731,Alto Risco
00000001703057,ABCL,Abcellera Biologics Inc,NASDAQ,Ferramentas e Serviços de Ciências da Vida,100.0,500,Auditada,Alta,540,Auditada,Média,354,Auditada,Média,345,1239,Baixo Risco
00000000351569,ABCB,Ameris Bancorp,NASDAQ,Bancos,200.0,800,Não auditada,Média,290,Auditada,Média,300,Não auditada,Média,250,840,Alto Risco
00000001813658,ACEV,ACE Convergence Acquisition Corp,NASDAQ,Serviços Financeiros,0.0,20,Não auditada,Média,225,Não auditada,Média,211,Não auditada,Média,215,651,Alto Risco
00000001830749,ACHL,Achilles Therapeutics PLC,NASDAQ,Biotecnologia,300.0,1500,Não auditada,Média,230,Não auditada,Média,288,Não auditada,Média,285,803,Alto Risco
00000001520697,ACHC,Acadia Healthcare Company Inc,NASDAQ,Cuidados com a Saúde,3885.0,40000,Auditada,Média,330,Não auditada,Média,231,Não auditada,Média,220,781,Alto Risco
00000000935036,ACIW,ACI Worldwide Inc,NASDAQ,Tecnologia,1300.0,4500,Auditada,Alta,500,Auditada,Média,327,Auditada,Média,300,1127,Risco Moderado
00000001113232,ACLS,Axcelis Technologies Inc,NASDAQ,Semicondutores,700.0,2200,Auditada,Alta,515,Auditada,Média,306,Não auditada,Média,260,1081,Risco Moderado
00000001651625,ACIU,AC Immune SA,NASDAQ,Biotecnologia,15.0,100,Não auditada,Média,250,Não auditada,Média,296,Auditada,Média,305,851,Alto Risco
00000000949858,ACHV,Achieve Life Sciences Inc,NASDAQ,Biotecnologia,20.0,200,Não auditada,Média,215,Não auditada,Média,222,Auditada,Média,305,742,Alto Risco
00000001680062,ACMR,ACM Research Inc,NASDAQ,Semicondutores,200.0,700,Não auditada,Alta,410,Não auditada,Média,232,Auditada,Média,325,967,Risco Moderado
00000001008848,ACOR,Acorda Therapeutics Inc,NASDAQ,Biotecnologia,500.0,700,Não auditada,Média,230,Auditada,Média,307,Auditada,Média,310,847,Alto Risco
00000000715579,ACNB,ACNB Corp,NASDAQ,Bancos,140.0,500,Não auditada,Média,220,Não auditada,Média,219,Não auditada,Média,215,654,Alto Risco
00000001557746,ACRS,Aclaris Therapeutics Inc,NASDAQ,Farmacêuticos,20.0,200,Não auditada,Média,230,Não auditada,Média,207,Não auditada,Média,220,657,Alto Risco
00000001427925,ACRX,AcelRx Pharmaceuticals Inc,NASDAQ,Farmacêuticos,70.0,250,Não auditada,Média,200,Não auditada,Média,237,Auditada,Média,300,737,Alto Risco
00000001823529,ACT,Enact Holdings Inc,NASDAQ,Serviços Financeiros,100.0,500,Auditada,Alta,540,Auditada,Média,328,Auditada,Média,315,1183,Baixo Risco
00000000934549,ACTG,Acacia Research Corp,NASDAQ,Serviços Financeiros,350.0,250,Não auditada,Média,200,Não auditada,Média,200,Não auditada,Média,275,675,Alto Risco
00000001637873,ACVA,ACV Auctions Inc,NASDAQ,Serviços e Suprimentos Comerciais,80.0,300,Não auditada,Média,235,Não auditada,Média,262,Auditada,Média,315,812,Alto Risco
00000001818838,ADAG,Adagene Inc,NASDAQ,Biotecnologia,30.0,300,Não auditada,Média,295,Auditada,Média,301,Auditada,Média,305,901,Risco Moderado
00000001736243,ACXP,Acurx Pharmaceuticals Inc,NASDAQ,Biotecnologia,10.0,150,Não auditada,Média,235,Auditada,Média,301,Auditada,Média,305,841,Alto Risco
00000000796343,ADBE,Adobe Inc,NASDAQ,Tecnologia,15785.0,26000,Não auditada,Média,200,Não auditada,Média,221,Não auditada,Média,200,621,Alto Risco
00000001621227,ADAP,Adaptimmune Therapeutics PLC,NASDAQ,Biotecnologia,30.0,300,Auditada,Média,365,Não auditada,Média,283,Auditada,Média,305,953,Risco Moderado
00000001368514,ADMA,ADMA Biologics Inc,NASDAQ,Biotecnologia,100.0,500,Não auditada,Média,240,Não auditada,Média,264,Auditada,Média,320,824,Alto Risco
00000001515156,ADES,Advanced Emissions Solutions Inc,NASDAQ,Químicos,180.0,450,Não auditada,Média,205,Não auditada,Média,201,Auditada,Média,300,706,Alto Risco
00000000006281,ADI,Analog Devices Inc,NASDAQ,Semicondutores,7318.0,16000,Auditada,Média,350,Auditada,Média,318,Auditada,Média,300,968,Risco Moderado
00000001513525,ADIL,Adial Pharmaceuticals Inc,NASDAQ,Farmacêuticos,10.0,80,Não auditada,Média,200,Não auditada,Média,203,Auditada,Média,300,703,Alto Risco
00000000887247,ADMP,Adamis Pharmaceuticals Corp,NASDAQ,Farmacêuticos,20.0,150,Não auditada,Média,285,Não auditada,Média,204,Não auditada,Média,215,704,Alto Risco
00000001069308,ACER,Acer Therapeutics Inc,NASDAQ,Farmacêuticos,15.0,100,Não auditada,Média,223,Não auditada,Média,291,Auditada,Média,310,824,Alto Risco
00000001824884,ADOC,Edoc Acquisition Corp,NASDAQ,Serviços Financeiros,0.0,20,Não auditada,Média,215,Auditada,Média,301,Auditada,Média,300,816,Alto Risco
00000001468328,ADUS,Addus Homecare Corp,NASDAQ,Cuidados com a Saúde,400.0,6000,Não auditada,Média,210,Não auditada,Média,215,Não auditada,Média,218,643,Alto Risco
00000000947484,ACGL,Arch Capital Group Ltd,NASDAQ,Seguros,3244.0,14000,Auditada,Alta,500,Auditada,Média,300,Auditada,Média,300,1100,Risco Moderado
00000001478320,ADPT,Adaptive Biotechnologies Corp,NASDAQ,Ferramentas e Serviços de Ciências da Vida,200.0,600,Não auditada,Média,260,Auditada,Média,348,Não auditada,Média,260,868,Alto Risco
00000000769397,ADSK,Autodesk Inc,NASDAQ,Tecnologia,4390.0,13050,Auditada,Alta,555,Auditada,Média,304,Auditada,Média,310,1169,Baixo Risco
00000000008670,ADP,Automatic Data Processing Inc,NASDAQ,Tecnologia,15882.0,58000,Auditada,Alta,500,Auditada,Média,300,Não auditada,Média,200,1000,Risco Moderado
00000001726711,ADTX,Aditxt Inc,NASDAQ,Biotecnologia,5.0,50,Não auditada,Média,210,Não auditada,Média,224,Auditada,Média,305,739,Alto Risco
00000001776661,ADV,Advantage Solutions Inc,NASDAQ,Mídia,200.0,800,Auditada,Alta,515,Não auditada,Média,269,Auditada,Média,328,1112,Risco Moderado
00000001501756,ADVM,Adverum Biotechnologies Inc,NASDAQ,Biotecnologia,20.0,150,Não auditada,Média,262,Auditada,Média,321,Não auditada,Média,235,818,Alto Risco
00000001040470,AEHR,Aehr Test Systems,NASDAQ,Semicondutores,50.0,200,Não auditada,Média,290,Não auditada,Média,262,Auditada,Média,300,852,Alto Risco
00000001470683,AEHL,Antelope Enterprise Holdings Ltd,NASDAQ,Construção Civil,100.0,400,Não auditada,Média,238,Não auditada,Média,237,Auditada,Média,325,800,Alto Risco
00000001750106,AEI,Alset Ehome International Inc,NASDAQ,Imobiliário,100.0,300,Auditada,Alta,520,Não auditada,Média,207,Não auditada,Média,210,937,Risco Moderado
00000000927003,AEIS,Advanced Energy Industries Inc,NASDAQ,Equipamentos Elétricos,800.0,3000,Auditada,Alta,500,Auditada,Média,300,Auditada,Média,300,1100,Risco Moderado
00000000004904,AEP,American Electric Power Company Inc,NASDAQ,Utilidades,16455.0,17000,Auditada,Alta,500,Auditada,Média,300,Auditada,Média,300,1100,Risco Moderado
00000000882291,AEMD,Aethlon Medical Inc,NASDAQ,Cuidados com a Saúde,5.0,80,Não auditada,Média,200,Não auditada,Média,262,Auditada,Média,315,777,Alto Risco
00000001708341,AESE,Allied Esports Entertainment Inc,NASDAQ,Hotéis Restaurantes e Lazer,30.0,200,Não auditada,Média,200,Não auditada,Média,200,Não auditada,Média,200,600,Alto Risco
00000001362190,AEYE,AudioEye Inc,NASDAQ,Tecnologia,30.0,200,Não auditada,Média,235,Auditada,Média,301,Auditada,Média,308,844,Alto Risco
00000001337553,AERI,Aerie Pharmaceuticals Inc,NASDAQ,Farmacêuticos,200.0,600,Auditada,Alta,500,Não auditada,Média,264,Auditada,Média,310,1074,Risco Moderado
00000000874292,AEY,ADDvantage Technologies Group Inc,NASDAQ,Equipamentos Elétricos,300.0,1000,Não auditada,Média,235,Não auditada,Média,234,Auditada,Média,300,769,Alto Risco
00000001841661,AFAQ,AF Acquisition Corp,NASDAQ,Serviços Financeiros,0.0,20,Não auditada,Média,200,Não auditada,Média,200,Não auditada,Média,200,600,Alto Risco
00000001608390,AFMD,Affimed NV,NASDAQ,Biotecnologia,30.0,200,Auditada,Média,368,Auditada,Média,304,Auditada,Média,310,982,Risco Moderado
00000001822523,AFCG,AFC Gamma Inc,NASDAQ,Imobiliário,100.0,100,Não auditada,Média,255,Não auditada,Média,204,Não auditada,Média,226,685,Alto Risco
00000001823406,AFBI,Affinity Bancshares Inc,NASDAQ,Bancos,100.0,400,Não auditada,Média,200,Não auditada,Média,207,Não auditada,Média,200,607,Alto Risco
00000001820953,AFRM,Affirm Holdings Inc,NASDAQ,Tecnologia,765.0,1600,Não auditada,Média,225,Auditada,Média,335,Auditada,Média,335,895,Alto Risco
00000001522860,AFIB,Acutus Medical Inc,NASDAQ,Cuidados com a Saúde,20.0,200,Não auditada,Média,205,Não auditada,Média,211,Não auditada,Média,235,651,Alto Risco
00000001098972,AGEN,Agenus Inc,NASDAQ,Biotecnologia,100.0,600,Não auditada,Média,290,Não auditada,Média,245,Auditada,Média,300,835,Alto Risco
00000001771007,AFYA,Afya Ltd,NASDAQ,Serviços Diversificados ao Consumidor,370.0,4500,Não auditada,Média,290,Não auditada,Média,203,Não auditada,Média,205,698,Alto Risco
00000001592016,AGFS,AgroFresh Solutions Inc,NASDAQ,Químicos,100.0,500,Auditada,Alta,500,Auditada,Média,301,Não auditada,Média,275,1076,Risco Moderado
00000001800637,AGFY,Agrify Corp,NASDAQ,Maquinário,50.0,300,Auditada,Alta,540,Auditada,Média,361,Auditada,Média,305,1206,Baixo Risco
00000001790625,AGIL,AgileThought Inc,NASDAQ,Tecnologia,50.0,300,Auditada,Média,340,Não auditada,Média,299,Auditada,Média,305,944,Risco Moderado
00000001705402,AGMH,AGM Group Holdings Inc,NASDAQ,Serviços Financeiros,30.0,150,Não auditada,Média,205,Não auditada,Média,204,Não auditada,Média,210,619,Alto Risco
00000001439222,AGIO,Agios Pharmaceuticals Inc,NASDAQ,Biotecnologia,230.0,800,Auditada,Alta,520,Auditada,Média,303,Auditada,Média,325,1148,Risco Moderado
00000001636282,AGLE,Aeglea Bio Therapeutics Inc,NASDAQ,Biotecnologia,20.0,150,Não auditada,Média,205,Não auditada,Média,223,Não auditada,Média,200,628,Alto Risco
00000001423689,AGNC,AGNC Investment Corp,NASDAQ,Imobiliário,2100.0,80,Auditada,Média,382,Não auditada,Média,242,Auditada,Média,305,929,Risco Moderado
00000001826397,AGRI,AgriFORCE Growing Systems Ltd,NASDAQ,Produtos Alimentícios,100.0,500,Auditada,Alta,510,Não auditada,Média,248,Auditada,Média,305,1063,Risco Moderado
00000001261249,AGRX,Agile Therapeutics Inc,NASDAQ,Farmacêuticos,5.0,80,Não auditada,Média,240,Não auditada,Média,203,Não auditada,Média,260,703,Alto Risco
00000000078749,AGYS,Agilysys Inc,NASDAQ,Tecnologia,200.0,1500,Auditada,Alta,500,Auditada,Média,303,Auditada,Média,300,1103,Risco Moderado
00000001273636,AGTC,Applied Genetic Technologies Corp,NASDAQ,Biotecnologia,10.0,150,Não auditada,Média,235,Auditada,Média,323,Auditada,Média,305,863,Alto Risco
00000001725255,AHCO,Adapthealth Corp,NASDAQ,Cuidados com a Saúde,800.0,6500,Não auditada,Média,210,Não auditada,Média,211,Não auditada,Média,235,656,Alto Risco
00000000874710,AHPI,Allied Healthcare Products Inc,NASDAQ,Cuidados com a Saúde,30.0,200,Não auditada,Média,210,Não auditada,Média,228,Auditada,Média,325,763,Alto Risco
00000001882963,AIB,AIB Acquisition Corp,NASDAQ,Tecnologia,50.0,200,Não auditada,Média,215,Não auditada,Média,227,Auditada,Média,300,742,Alto Risco
00000000926282,ADTN,ADTRAN Inc,NASDAQ,Comunicações,600.0,2100,Auditada,Alta,510,Auditada,Média,308,Auditada,Média,300,1118,Risco Moderado
00000001744494,ADN,Advent Technologies Holdings Inc,NASDAQ,Equipamentos Elétricos,30.0,200,Não auditada,Média,250,Não auditada,Média,203,Não auditada,Média,220,673,Alto Risco
00000000012239,AIKI,Aikido Pharma Inc,NASDAQ,Biotecnologia,10.0,80,Não auditada,Média,200,Não auditada,Média,235,Não auditada,Média,205,640,Alto Risco
00000001826574,AKIC,Sports Ventures Acquisition Corp,NASDAQ,Serviços Financeiros,0.0,20,Não auditada,Média,200,Não auditada,Média,205,Não auditada,Média,230,635,Alto Risco
00000001667011,AIP,Arteris Inc,NASDAQ,Tecnologia,0.0,20,Auditada,Alta,500,Não auditada,Média,286,Auditada,Média,300,1086,Risco Moderado
00000001744659,AKRO,Akero Therapeutics Inc,NASDAQ,Biotecnologia,20.0,200,Não auditada,Média,250,Não auditada,Média,246,Auditada,Média,305,801,Alto Risco
00000000353184,AIRT,Air T Inc,NASDAQ,Logística e Transporte,200.0,900,Não auditada,Média,234,Não auditada,Média,210,Auditada,Média,325,769,Alto Risco
00000001374535,AIMC,Altra Industrial Motion Corp,NASDAQ,Maquinário,200.0,1200,Auditada,Alta,525,Auditada,Média,315,Auditada,Média,305,1145,Risco Moderado
00000001517022,AKBA,Akebia Therapeutics Inc,NASDAQ,Biotecnologia,30.0,300,Não auditada,Média,200,Não auditada,Média,218,Não auditada,Média,215,633,Alto Risco
00000001272842,AIRG,Airgain Inc,NASDAQ,Equipamentos Elétricos,90.0,700,Auditada,Alta,500,Auditada,Média,300,Auditada,Média,330,1130,Risco Moderado
00000001870940,AIRS,Airsculpt Technologies Inc,NASDAQ,Cuidados com a Saúde,10.0,100,Não auditada,Média,210,Não auditada,Média,201,Não auditada,Média,205,616,Alto Risco
00000001086222,AKAM,Akamai Technologies Inc,NASDAQ,Tecnologia,3461.0,10200,Auditada,Alta,515,Auditada,Média,341,Auditada,Média,305,1161,Baixo Risco
00000001776197,AKU,Akumin Inc,NASDAQ,Cuidados com a Saúde,400.0,2000,Não auditada,Alta,455,Auditada,Média,347,Auditada,Média,300,1102,Risco Moderado
00000001722271,AKUS,Akouos Inc,NASDAQ,Biotecnologia,20.0,150,Não auditada,Média,205,Não auditada,Média,221,Não auditada,Média,295,721,Alto Risco
00000001584754,AKTS,Akoustis Technologies Inc,NASDAQ,Equipamentos Elétricos,50.0,300,Não auditada,Média,222,Auditada,Média,302,Não auditada,Alta,428,952,Risco Moderado
00000001541157,AKTX,Akari Therapeutics PLC,NASDAQ,Farmacêuticos,5.0,80,Não auditada,Média,225,Não auditada,Média,216,Auditada,Média,305,746,Alto Risco
00000001322505,ALBO,Albireo Pharma Inc,NASDAQ,Biotecnologia,15.0,80,Auditada,Alta,500,Auditada,Média,300,Auditada,Média,310,1110,Risco Moderado
00000001711933,AKYA,Akoya Biosciences Inc,NASDAQ,Ferramentas e Serviços de Ciências da Vida,50.0,300,Auditada,Alta,512,Auditada,Média,303,Não auditada,Média,215,1030,Risco Moderado
00000000003545,ALCO,Alico Inc,NASDAQ,Produtos Alimentícios,200.0,900,Auditada,Alta,500,Auditada,Média,300,Auditada,Média,300,1100,Risco Moderado
00000001341235,ALDX,Aldeyra Therapeutics Inc,NASDAQ,Biotecnologia,10.0,100,Não auditada,Média,231,Não auditada,Média,261,Não auditada,Média,235,727,Alto Risco
00000001653087,ALEC,Alector Inc,NASDAQ,Biotecnologia,10.0,100,Não auditada,Média,240,Não auditada,Média,277,Auditada,Média,300,817,Alto Risco
00000000866291,ALGM,Allegro Microsystems Inc,NASDAQ,Semicondutores,600.0,2400,Auditada,Alta,542,Auditada,Média,314,Não auditada,Média,250,1106,Risco Moderado
00000001833908,ALF,Alfi Inc,NASDAQ,Tecnologia,100.0,400,Não auditada,Média,225,Não auditada,Média,260,Auditada,Média,315,800,Alto Risco
00000001097149,ALGN,Align Technology Inc,NASDAQ,Cuidados com a Saúde,3950.0,12000,Não auditada,Média,235,Não auditada,Média,285,Não auditada,Média,255,775,Alto Risco
00000001799448,ALGS,Aligos Therapeutics Inc,NASDAQ,Biotecnologia,50.0,300,Não auditada,Média,210,Não auditada,Média,222,Não auditada,Média,235,667,Alto Risco
00000001832466,ALHC,Alignment Healthcare LLC,NASDAQ,Saúde,200.0,1800,Não auditada,Média,210,Auditada,Média,302,Não auditada,Média,256,768,Alto Risco
00000001520262,ALKS,Alkermes Plc,NASDAQ,Biotecnologia,970.0,1700,Não auditada,Alta,415,Auditada,Média,302,Auditada,Média,333,1050,Risco Moderado
00000001267602,ALIM,Alimera Sciences Inc,NASDAQ,Farmacêuticos,20.0,150,Não auditada,Média,220,Não auditada,Média,228,Não auditada,Média,243,691,Alto Risco
00000001362468,ALGT,Allegiant Travel Co,NASDAQ,Companhias Aéreas,540.0,3500,Não auditada,Média,287,Não auditada,Média,208,Não auditada,Média,248,743,Alto Risco
00000001757143,AIH,Aesthetic Medical International Holdings Group Ltd,NASDAQ,Cuidados com a Saúde,100.0,500,Não auditada,Média,220,Não auditada,Média,250,Auditada,Média,300,770,Alto Risco
00000001529274,ALKT,Alkami Technology Inc,NASDAQ,Tecnologia,30.0,200,Não auditada,Média,280,Auditada,Média,305,Não auditada,Média,260,845,Alto Risco
00000001178670,ALNY,Alnylam Pharmaceuticals Inc,NASDAQ,Biotecnologia,980.0,1200,Auditada,Média,331,Auditada,Média,346,Auditada,Média,325,1002,Risco Moderado
00000001365767,ALLT,Allot Ltd,NASDAQ,Tecnologia,150.0,800,Auditada,Alta,508,Auditada,Média,324,Auditada,Média,310,1142,Risco Moderado
00000001737287,ALLO,Allogene Therapeutics Inc,NASDAQ,Biotecnologia,30.0,300,Auditada,Alta,535,Auditada,Média,324,Auditada,Média,305,1164,Baixo Risco
00000000006951,AMAT,Applied Materials Inc,NASDAQ,Semicondutores,23063.0,29000,Auditada,Alta,525,Auditada,Média,317,Auditada,Média,300,1142,Risco Moderado
00000000002488,AMD,Advanced Micro Devices Inc,NASDAQ,Semicondutores,16434.0,15500,Não auditada,Média,200,Não auditada,Média,208,Não auditada,Média,200,608,Alto Risco
00000000718877,ATVI,Activision Blizzard Inc,NASDAQ,Mídia,8803.0,9800,Não auditada,Média,280,Auditada,Média,347,Auditada,Média,330,957,Risco Moderado
00000001730168,AVGO,Broadcom Inc,NASDAQ,Semicondutores,27450.0,20000,Não auditada,Média,210,Não auditada,Média,212,Não auditada,Média,200,622,Alto Risco
00000001013462,ANSS,ANSYS Inc,NASDAQ,Tecnologia,1908.0,5500,Auditada,Alta,580,Auditada,Média,337,Não auditada,Média,285,1202,Baixo Risco
00000001018724,AMZN,Amazon.com Inc,NASDAQ,Varejo,469822.0,1608000,Não auditada,Excelente,668,Auditada,Média,305,Não auditada,Alta,460,1433,Baixo Risco
00000001711012,AIHS,Senmiao Technology Ltd,NASDAQ,Serviços Financeiros,100.0,500,Não auditada,Média,220,Não auditada,Média,203,Não auditada,Média,200,623,Alto Risco
00000001841666,APA,APA Corp (US),NASDAQ,Energia,6261.0,2400,Auditada,Alta,510,Auditada,Média,316,Auditada,Média,325,1151,Baixo Risco
00000000875045,BIIB,Biogen Inc,NASDAQ,Biotecnologia,10982.0,9000,Auditada,Média,380,Auditada,Média,303,Auditada,Média,364,1047,Risco Moderado
00000001075531,BKNG,Booking Holdings Inc,NASDAQ,Hotéis Restaurantes e Lazer,10958.0,17000,Auditada,Alta,558,Auditada,Média,306,Auditada,Média,310,1174,Baixo Risco
00000000813672,CDNS,Cadence Design Systems Inc,NASDAQ,Tecnologia,2988.0,8800,Auditada,Alta,500,Auditada,Média,308,Não auditada,Média,295,1103,Risco Moderado
00000001402057,CDW,CDW Corp,NASDAQ,Equipamentos Elétricos,20829.0,14800,Não auditada,Média,225,Não auditada,Média,209,Não auditada,Média,200,634,Alto Risco
00000001043277,CHRW,CH Robinson Worldwide Inc,NASDAQ,Logística e Transporte,23102.0,19000,Auditada,Alta,575,Auditada,Média,330,Auditada,Média,338,1243,Baixo Risco
00000000020286,CINF,Cincinnati Financial Corp,NASDAQ,Seguros,7189.0,5800,Não auditada,Média,235,Não auditada,Média,275,Não auditada,Média,250,760,Alto Risco
00000001091667,CHTR,Charter Communications Inc,NASDAQ,Mídia,51682.0,101000,Auditada,Alta,500,Auditada,Média,300,Auditada,Média,300,1100,Risco Moderado
00000001166691,CMCSA,Comcast Corp,NASDAQ,Mídia,116385.0,189000,Auditada,Alta,507,Auditada,Média,343,Auditada,Média,315,1165,Baixo Risco
00000000900075,CPRT,Copart Inc,NASDAQ,Serviços e Suprimentos Comerciais,2688.0,23000,Não auditada,Média,270,Não auditada,Média,204,Não auditada,Média,205,679,Alto Risco
00000000909832,COST,Costco Wholesale Corp,NASDAQ,Varejo,192052.0,288000,Auditada,Alta,537,Auditada,Média,306,Não auditada,Média,225,1068,Risco Moderado
00000000277948,CSX,CSX Corp,NASDAQ,Rodovias e Ferrovias,12522.0,22742,Auditada,Alta,510,Auditada,Média,310,Auditada,Média,325,1145,Risco Moderado
00000001058290,CTSH,Cognizant Technology Solutions Corp,NASDAQ,Tecnologia,18521.0,300600,Não auditada,Excelente,605,Auditada,Média,365,Auditada,Média,300,1270,Baixo Risco
00000001156375,CME,CME Group Inc,NASDAQ,Serviços Financeiros,4688.0,3000,Auditada,Média,375,Não auditada,Média,237,Não auditada,Média,200,812,Alto Risco
00000000858877,CSCO,Cisco Systems Inc,NASDAQ,Comunicações,49818.0,79500,Não auditada,Média,280,Não auditada,Média,234,Não auditada,Média,220,734,Alto Risco
00000000723254,CTAS,Cintas Corp,NASDAQ,Serviços e Suprimentos Comerciais,7058.0,45000,Auditada,Alta,500,Auditada,Média,300,Auditada,Média,300,1100,Risco Moderado
00000000877890,CTXS,Citrix Systems Inc,NASDAQ,Tecnologia,3278.0,9700,Auditada,Alta,530,Auditada,Média,305,Auditada,Média,305,1140,Risco Moderado
00000001590895,CZR,Caesars Entertainment Inc,NASDAQ,Hotéis Restaurantes e Lazer,9567.0,65000,Não auditada,Média,265,Não auditada,Média,228,Não auditada,Média,200,693,Alto Risco
00000001001082,DISH,DISH Network Corp,NASDAQ,Mídia,17186.0,16500,Não auditada,Média,210,Não auditada,Média,263,Não auditada,Média,205,678,Alto Risco
00000000935703,DLTR,Dollar Tree Inc,NASDAQ,Varejo,27209.0,193000,Não auditada,Média,235,Não auditada,Média,208,Não auditada,Média,215,658,Alto Risco
00000001093557,DXCM,Dexcom Inc,NASDAQ,Cuidados com a Saúde,2389.0,6000,Não auditada,Média,215,Não auditada,Média,236,Não auditada,Média,215,666,Alto Risco
00000000712515,EA,Electronic Arts Inc,NASDAQ,Mídia,5629.0,9900,Auditada,Média,360,Auditada,Média,300,Não auditada,Média,225,885,Alto Risco
00000000352541,LNT,Alliant Energy Corp,NASDAQ,Utilidades,1655.0,4400,Auditada,Alta,519,Auditada,Média,307,Auditada,Média,300,1126,Risco Moderado
00000001539838,FANG,Diamondback Energy Inc,NASDAQ,Energia,5720.0,1100,Auditada,Alta,513,Não auditada,Média,271,Auditada,Média,300,1084,Risco Moderado
00000001065088,EBAY,eBay Inc,NASDAQ,Varejo,10420.0,11600,Auditada,Alta,500,Auditada,Média,302,Auditada,Média,305,1107,Risco Moderado
00000001065696,LKQ,LKQ Corp,NASDAQ,Distribuidores,12549.0,46000,Auditada,Alta,515,Auditada,Média,300,Auditada,Média,305,1120,Risco Moderado
00000001652044,GOOGL,Alphabet Inc,NASDAQ,Mídia,257637.0,156500,Não auditada,Média,295,Auditada,Média,362,Auditada,Média,355,1012,Risco Moderado
00000001048286,MAR,Marriott International Inc,NASDAQ,Hotéis Restaurantes e Lazer,13857.0,120000,Não auditada,Média,215,Não auditada,Média,200,Não auditada,Média,215,630,Alto Risco
00000000827054,MCHP,Microchip Technology Inc,NASDAQ,Semicondutores,5383.0,20000,Auditada,Alta,500,Auditada,Média,300,Auditada,Média,300,1100,Risco Moderado
00000000707549,LRCX,Lam Research Corp,NASDAQ,Semicondutores,14629.0,15000,Auditada,Alta,510,Auditada,Média,325,Auditada,Média,315,1150,Risco Moderado
00000001103982,MDLZ,Mondelez International Inc,NASDAQ,Produtos Alimentícios,28720.0,79000,Auditada,Alta,520,Auditada,Média,307,Auditada,Média,300,1127,Risco Moderado
00000001326801,META,Meta Platforms Inc,NASDAQ,Mídia,117929.0,71970,Não auditada,Média,205,Não auditada,Média,232,Não auditada,Média,215,652,Alto Risco
00000001278021,MKTX,Marketaxess Holdings Inc,NASDAQ,Serviços Financeiros,855.0,700,Não auditada,Média,230,Não auditada,Média,213,Não auditada,Média,210,653,Alto Risco
00000000865752,MNST,Monster Beverage Corp,NASDAQ,Bebidas,5541.0,3500,Auditada,Alta,515,Auditada,Média,344,Auditada,Média,300,1159,Baixo Risco
00000001682852,MRNA,Moderna Inc,NASDAQ,Biotecnologia,18471.0,3900,Auditada,Alta,500,Auditada,Média,300,Auditada,Média,300,1100,Risco Moderado
00000000891103,MTCH,Match Group Inc,NASDAQ,Mídia,2983.0,2800,Não auditada,Média,245,Auditada,Média,389,Auditada,Média,311,945,Risco Moderado
00000001280452,MPWR,Monolithic Power Systems Inc,NASDAQ,Semicondutores,1207.0,2600,Auditada,Média,330,Não auditada,Média,287,Não auditada,Média,235,852,Alto Risco
00000000789019,MSFT,Microsoft Corp,NASDAQ,Tecnologia,168088.0,181000,Não auditada,Excelente,715,Não auditada,Alta,443,Auditada,Média,375,1533,Baixo Risco
00000000723125,MU,Micron Technology Inc,NASDAQ,Semicondutores,27705.0,45000,Auditada,Alta,530,Auditada,Média,330,Auditada,Média,300,1160,Baixo Risco
00000001120193,NDAQ,Nasdaq Inc,NASDAQ,Serviços Financeiros,3587.0,6600,Auditada,Alta,505,Auditada,Média,310,Auditada,Média,300,1115,Risco Moderado
00000000849399,NLOK,NortonLifeLock Inc,NASDAQ,Tecnologia,2793.0,4000,Auditada,Alta,505,Auditada,Média,315,Auditada,Média,305,1125,Risco Moderado
00000000073124,NTRS,Northern Trust Corp,NASDAQ,Serviços Financeiros,6056.0,20000,Não auditada,Média,250,Não auditada,Média,226,Não auditada,Média,225,701,Alto Risco
00000000814453,NWL,Newell Brands Inc,NASDAQ,Produtos de Consumo,9464.0,32000,Auditada,Alta,525,Auditada,Média,303,Auditada,Média,315,1143,Risco Moderado
00000001045810,NVDA,NVIDIA Corp,NASDAQ,Semicondutores,16675.0,22473,Auditada,Média,323,Auditada,Média,301,Não auditada,Média,275,899,Alto Risco
00000001564824,ALLK,Allakos Inc,NASDAQ,Biotecnologia,20.0,200,Não auditada,Média,200,Não auditada,Média,273,Auditada,Média,300,773,Alto Risco
00000001564708,NWSA,News Corp,NASDAQ,Mídia,10051.0,22000,Auditada,Alta,509,Auditada,Média,300,Auditada,Média,300,1109,Risco Moderado
00000000878927,ODFL,Old Dominion Freight Line Inc,NASDAQ,Rodovias e Ferrovias,5213.0,23000,Não auditada,Alta,467,Não auditada,Alta,423,Não auditada,Média,280,1170,Baixo Risco
00000000075362,PCAR,Paccar Inc,NASDAQ,Maquinário,23522.0,27000,Auditada,Alta,568,Auditada,Média,343,Auditada,Média,305,1216,Baixo Risco
00000001413447,NXPI,NXP Semiconductors NV,NASDAQ,Semicondutores,11063.0,34500,Auditada,Alta,505,Auditada,Média,329,Auditada,Média,305,1139,Risco Moderado
00000000898173,ORLY,O'Reilly Automotive Inc,NASDAQ,Varejo,13328.0,88000,Auditada,Alta,500,Auditada,Média,300,Auditada,Média,300,1100,Risco Moderado
00000000723531,PAYX,Paychex Inc,NASDAQ,Tecnologia,4055.0,16000,Auditada,Alta,500,Auditada,Média,300,Não auditada,Média,200,1000,Risco Moderado
00000001126328,PFG,Principal Financial Group Inc,NASDAQ,Seguros,15000.0,21000,Auditada,Alta,555,Auditada,Média,320,Auditada,Média,300,1175,Baixo Risco
00000000745732,ROST,Ross Stores Inc,NASDAQ,Varejo,18916.0,100000,Auditada,Média,375,Auditada,Média,325,Auditada,Média,300,1000,Risco Moderado
00000001034054,SBAC,SBA Communications Corp,NASDAQ,Imobiliário,2287.0,2000,Não auditada,Média,250,Não auditada,Média,251,Não auditada,Média,215,716,Alto Risco
00000000804328,QCOM,Qualcomm Inc,NASDAQ,Semicondutores,33566.0,45000,Não auditada,Alta,409,Auditada,Média,300,Auditada,Média,300,1009,Risco Moderado
00000000945841,POOL,Pool Corp,NASDAQ,Distribuidores,4693.0,5600,Auditada,Alta,525,Auditada,Média,306,Auditada,Média,313,1144,Risco Moderado
00000000077476,PEP,PepsiCo Inc,NASDAQ,Bebidas,79474.0,309000,Não auditada,Excelente,719,Auditada,Média,340,Auditada,Média,358,1417,Baixo Risco
00000000829224,SBUX,Starbucks Corp,NASDAQ,Hotéis Restaurantes e Lazer,29061.0,383000,Não auditada,Alta,475,Auditada,Média,385,Não auditada,Média,295,1155,Baixo Risco
00000000910606,REG,Regency Centers Corp,NASDAQ,Imobiliário,1034.0,400,Auditada,Alta,575,Auditada,Média,372,Auditada,Média,365,1312,Baixo Risco
00000001604778,QRVO,Qorvo Inc,NASDAQ,Semicondutores,3243.0,8000,Auditada,Alta,535,Auditada,Média,310,Auditada,Média,305,1150,Risco Moderado
00000000857005,PTC,PTC Inc,NASDAQ,Tecnologia,1806.0,7000,Auditada,Alta,550,Auditada,Média,302,Auditada,Média,308,1160,Baixo Risco
00000000921738,PENN,PENN Entertainment Inc,NASDAQ,Hotéis Restaurantes e Lazer,5897.0,24500,Auditada,Média,371,Auditada,Média,300,Não auditada,Média,220,891,Alto Risco
00000001633917,PYPL,PayPal Holdings Inc,NASDAQ,Tecnologia,25371.0,30900,Auditada,Média,370,Não auditada,Média,244,Não auditada,Média,285,899,Alto Risco
00000000872589,REGN,Regeneron Pharmaceuticals Inc,NASDAQ,Biotecnologia,16072.0,11300,Auditada,Alta,505,Auditada,Média,327,Auditada,Média,305,1137,Risco Moderado
00000000318154,AMGN,Amgen Inc,NASDAQ,Biotecnologia,25979.0,24000,Auditada,Alta,575,Auditada,Média,312,Auditada,Média,328,1215,Baixo Risco
00000000883241,SNPS,Synopsys Inc,NASDAQ,Tecnologia,4204.0,16000,Auditada,Alta,525,Auditada,Média,316,Auditada,Média,315,1156,Baixo Risco
00000001137789,STX,Seagate Technology Holdings PLC,NASDAQ,Tecnologia,10706.0,40000,Auditada,Alta,540,Auditada,Média,355,Auditada,Média,300,1195,Baixo Risco
00000000842023,TECH,Bio-Techne Corp,NASDAQ,Ferramentas e Serviços de Ciências da Vida,892.0,5000,Auditada,Alta,510,Não auditada,Média,268,Auditada,Média,300,1078,Risco Moderado
00000000097210,TER,Teradyne Inc,NASDAQ,Semicondutores,3703.0,5300,Auditada,Alta,507,Auditada,Média,328,Auditada,Média,315,1150,Risco Moderado
00000000004127,SWKS,Skyworks Solutions Inc,NASDAQ,Semicondutores,5202.0,9000,Auditada,Alta,515,Auditada,Média,303,Não auditada,Média,270,1088,Risco Moderado
00000000864749,TRMB,Trimble Inc,NASDAQ,Equipamentos Elétricos,3659.0,12600,Auditada,Alta,550,Não auditada,Alta,415,Auditada,Média,315,1280,Baixo Risco
00000001113169,TROW,T Rowe Price Group Inc,NASDAQ,Serviços Financeiros,8020.0,8000,Auditada,Alta,510,Auditada,Média,325,Auditada,Média,310,1145,Risco Moderado
00000000946581,TTWO,Take-Two Interactive Software Inc,NASDAQ,Mídia,3373.0,5800,Não auditada,Média,225,Auditada,Média,307,Auditada,Média,310,842,Alto Risco
00000001318605,TSLA,Tesla Inc,NASDAQ,Automóveis,53823.0,99290,Auditada,Alta,555,Auditada,Baixa,160,Não auditada,Média,278,993,Risco Moderado
00000000916365,TSCO,Tractor Supply Co,NASDAQ,Varejo,12254.0,45000,Auditada,Alta,500,Auditada,Média,300,Não auditada,Média,200,1000,Risco Moderado
00000000097476,TXN,Texas Instruments Inc,NASDAQ,Semicondutores,18344.0,31000,Auditada,Alta,500,Auditada,Média,300,Auditada,Média,300,1100,Risco Moderado
00000001283699,TMUS,T-Mobile US Inc,NASDAQ,Telecomunicações,79571.0,75000,Auditada,Média,342,Auditada,Média,331,Não auditada,Média,230,903,Risco Moderado
00000000100517,UAL,United Airlines Holdings Inc,NASDAQ,Companhias Aéreas,24634.0,84100,Não auditada,Média,205,Não auditada,Média,203,Não auditada,Média,221,629,Alto Risco
00000001442145,VRSK,Verisk Analytics Inc,NASDAQ,Serviços Profissionais,2773.0,10000,Não auditada,Excelente,615,Auditada,Média,366,Auditada,Média,300,1281,Baixo Risco
00000001403568,ULTA,Ulta Beauty Inc,NASDAQ,Varejo,8629.0,47000,Não auditada,Média,205,Não auditada,Média,242,Não auditada,Média,200,647,Alto Risco
00000000875320,VRTX,Vertex Pharmaceuticals Inc,NASDAQ,Biotecnologia,7569.0,4000,Auditada,Alta,500,Auditada,Média,300,Auditada,Média,300,1100,Risco Moderado
00000001792044,VTRS,Viatris Inc,NASDAQ,Farmacêuticos,17824.0,38000,Auditada,Alta,500,Auditada,Média,300,Não auditada,Média,200,1000,Risco Moderado
00000001014473,VRSN,Verisign Inc,NASDAQ,Tecnologia,1328.0,1000,Auditada,Alta,548,Auditada,Média,354,Auditada,Média,325,1227,Baixo Risco
00000001618921,WBA,Walgreens Boots Alliance Inc,NASDAQ,Varejo,132703.0,315000,Auditada,Alta,515,Auditada,Média,325,Auditada,Média,300,1140,Risco Moderado
00000001002047,NTAP,NetApp Inc,NASDAQ,Tecnologia,5744.0,10700,Auditada,Alta,545,Auditada,Média,359,Auditada,Média,325,1229,Baixo Risco
00000000072903,XEL,Xcel Energy Inc,NASDAQ,Utilidades,13423.0,12000,Não auditada,Média,223,Não auditada,Média,201,Não auditada,Média,205,629,Alto Risco
00000000818479,XRAY,DENTSPLY SIRONA Inc,NASDAQ,Cuidados com a Saúde,4001.0,16000,Auditada,Alta,530,Auditada,Média,318,Auditada,Média,305,1153,Baixo Risco
00000000877212,ZBRA,Zebra Technologies Corp,NASDAQ,Equipamentos Elétricos,5627.0,9900,Auditada,Média,320,Auditada,Média,317,Auditada,Média,300,937,Risco Moderado
00000001158449,AAP,Advance Auto Parts Inc,NYSE,Varejo,11270.0,68000,Não auditada,Média,264,Não auditada,Média,261,Não auditada,Média,210,735,Alto Risco
00000000109380,ZION,Zions Bancorporation NA,NASDAQ,Bancos,2832.0,10000,Não auditada,Média,200,Não auditada,Média,200,Não auditada,Média,200,600,Alto Risco
00000001174922,WYNN,Wynn Resorts Ltd,NASDAQ,Hotéis Restaurantes e Lazer,1327.0,24000,Não auditada,Média,225,Não auditada,Média,201,Não auditada,Média,200,626,Alto Risco
00000001090872,A,Agilent Technologies Inc,NYSE,Ferramentas e Serviços de Ciências da Vida,6319.0,16000,Auditada,Alta,573,Não auditada,Média,231,Não auditada,Média,233,1037,Risco Moderado
00000001551152,ABBV,Abbvie Inc,NYSE,Biotecnologia,56197.0,50000,Auditada,Alta,505,Auditada,Média,317,Auditada,Média,300,1122,Risco Moderado
00000001140859,ABC,Amerisourcebergen Corp,NYSE,Cuidados com a Saúde,222903.0,44000,Auditada,Alta,505,Auditada,Média,300,Auditada,Média,315,1120,Risco Moderado
00000000007084,ADM,Archer-Daniels-Midland Co,NYSE,Produtos Alimentícios,85249.0,40000,Auditada,Alta,587,Auditada,Média,353,Auditada,Média,305,1245,Baixo Risco
00000000001800,ABT,Abbott Laboratories,NYSE,Cuidados com a Saúde,20243.0,113000,Auditada,Alta,515,Auditada,Média,305,Auditada,Média,305,1125,Risco Moderado
00000001002910,AEE,Ameren Corp,NYSE,Utilidades,2534.0,9000,Auditada,Alta,562,Auditada,Média,345,Auditada,Média,300,1207,Baixo Risco
00000000874761,AES,AES Corp,NYSE,Utilidades,10511.0,8000,Auditada,Alta,525,Auditada,Média,326,Auditada,Média,370,1221,Baixo Risco
00000000004977,AFL,Aflac Inc,NYSE,Seguros,22124.0,12000,Não auditada,Alta,454,Auditada,Média,300,Não auditada,Média,235,989,Risco Moderado
00000001467373,ACN,Accenture PLC,NYSE,Tecnologia,50533.0,624000,Auditada,Alta,515,Auditada,Média,360,Auditada,Média,305,1180,Baixo Risco
00000000354190,AJG,Arthur J. Gallagher & Co.,NYSE,Seguros,7782.0,33000,Auditada,Alta,530,Auditada,Média,344,Auditada,Média,310,1184,Baixo Risco
00000001267238,AIZ,Assurant Inc,NYSE,Seguros,5116.0,18000,Não auditada,Alta,438,Auditada,Média,316,Auditada,Média,300,1054,Risco Moderado
00000000766421,ALK,Alaska Air Group Inc,NYSE,Companhias Aéreas,6175.0,22000,Auditada,Alta,515,Auditada,Média,303,Não auditada,Média,259,1077,Risco Moderado
00000000915913,ALB,Albemarle Corp,NYSE,Químicos,3128.0,7200,Auditada,Alta,545,Auditada,Média,322,Auditada,Média,315,1182,Baixo Risco
00000000005272,AIG,American International Group Inc,NYSE,Seguros,52522.0,36200,Auditada,Alta,518,Auditada,Média,323,Auditada,Média,310,1151,Baixo Risco
00000000899051,ALL,Allstate Corp,NYSE,Seguros,44799.0,54000,Auditada,Alta,530,Auditada,Média,300,Não auditada,Média,220,1050,Risco Moderado
00000001579241,ALLE,Allegion PLC,NYSE,Construção Civil,2336.0,11000,Auditada,Alta,542,Auditada,Média,322,Auditada,Média,315,1179,Baixo Risco
00000000820027,AMP,Ameriprise Financial Inc,NYSE,Serviços Financeiros,13500.0,12000,Auditada,Média,396,Auditada,Média,308,Não auditada,Média,267,971,Risco Moderado
00000001037868,AME,AMETEK Inc,NYSE,Equipamentos Elétricos,5540.0,18900,Auditada,Alta,540,Auditada,Média,329,Não auditada,Média,270,1139,Risco Moderado
00000001053507,AMT,American Tower Corp,NYSE,Imobiliário,8042.0,5765,Auditada,Alta,530,Auditada,Média,333,Auditada,Média,305,1168,Baixo Risco
00000000091142,AOS,A O Smith Corp,NYSE,Construção Civil,3252.0,13600,Auditada,Alta,510,Auditada,Média,315,Auditada,Média,310,1135,Risco Moderado
00000000002969,APD,Air Products and Chemicals Inc,NYSE,Químicos,10324.0,21900,Não auditada,Excelente,700,Não auditada,Alta,442,Auditada,Média,300,1442,Baixo Risco
00000000315293,AON,Aon PLC,NYSE,Seguros,12193.0,50000,Não auditada,Alta,485,Auditada,Média,304,Não auditada,Média,288,1077,Risco Moderado
00000001596532,ANET,Arista Networks Inc,NYSE,Comunicações,2585.0,6000,Não auditada,Alta,444,Auditada,Média,310,Não auditada,Média,295,1049,Risco Moderado
00000000820313,APH,Amphenol Corp,NYSE,Equipamentos Elétricos,10876.0,90000,Auditada,Alta,512,Auditada,Média,303,Não auditada,Alta,475,1290,Baixo Risco
00000000731802,ATO,Atmos Energy Corp,NYSE,Utilidades,3600.0,4500,Auditada,Alta,572,Auditada,Média,368,Auditada,Média,315,1255,Baixo Risco
00000001410636,AWK,American Water Works Company Inc,NYSE,Utilidades,3930.0,7100,Não auditada,Excelente,653,Auditada,Média,395,Auditada,Média,300,1348,Baixo Risco
00000001035443,ARE,Alexandria Real Estate Equities Inc,NYSE,Imobiliário,2108.0,1000,Não auditada,Excelente,600,Auditada,Média,337,Auditada,Média,345,1282,Baixo Risco
00000001521332,APTV,Aptiv PLC,NYSE,Componentes Automotivos,15590.0,168000,Auditada,Alta,555,Auditada,Média,339,Auditada,Média,310,1204,Baixo Risco
00000000915912,AVB,Avalonbay Communities Inc,NYSE,Imobiliário,2253.0,3000,Auditada,Alta,500,Auditada,Média,300,Não auditada,Média,298,1098,Risco Moderado
00000000008818,AVY,Avery Dennison Corp,NYSE,Embalagens,8026.0,35000,Auditada,Alta,535,Auditada,Média,347,Auditada,Média,325,1207,Baixo Risco
00000000012927,BA,Boeing Co,NYSE,Aeroespacial e Defesa,62286.0,141000,Não auditada,Média,220,Não auditada,Média,224,Não auditada,Média,235,679,Alto Risco
00000000070858,BAC,Bank of America Corp,NYSE,Bancos,89113.0,208000,Não auditada,Média,220,Auditada,Média,394,Não auditada,Média,265,879,Alto Risco
00000000010456,BAX,Baxter International Inc,NYSE,Cuidados com a Saúde,12823.0,60000,Auditada,Alta,500,Auditada,Média,316,Auditada,Média,300,1116,Risco Moderado
00000000701985,BBWI,Bath & Body Works Inc,NYSE,Varejo,7388.0,31000,Auditada,Alta,525,Auditada,Média,303,Auditada,Média,300,1128,Risco Moderado
00000000010795,BDX,Becton Dickinson and Co,NYSE,Cuidados com a Saúde,20248.0,75000,Não auditada,Excelente,607,Auditada,Média,384,Auditada,Média,315,1306,Baixo Risco
00000000012208,BIO,Bio Rad Laboratories Inc,NYSE,Ferramentas e Serviços de Ciências da Vida,2798.0,7600,Não auditada,Média,275,Não auditada,Média,227,Auditada,Média,300,802,Alto Risco
00000000764478,BBY,Best Buy Co Inc,NYSE,Varejo,51760.0,102000,Não auditada,Alta,430,Não auditada,Média,231,Auditada,Média,300,961,Risco Moderado
00000001390777,BK,Bank of New York Mellon Corp,NYSE,Serviços Financeiros,15895.0,50300,Auditada,Alta,500,Auditada,Média,300,Auditada,Média,300,1100,Risco Moderado
00000000004962,AXP,American Express Co,NYSE,Serviços Financeiros,41769.0,64000,Não auditada,Média,230,Não auditada,Média,226,Não auditada,Média,208,664,Alto Risco
00000001383312,BR,Broadridge Financial Solutions Inc,NYSE,Tecnologia,4700.0,13000,Auditada,Alta,550,Auditada,Média,313,Auditada,Média,325,1188,Baixo Risco
00000000014272,BMY,Bristol-Myers Squibb Co,NYSE,Farmacêuticos,46385.0,32200,Auditada,Alta,500,Auditada,Média,321,Auditada,Média,310,1131,Risco Moderado
00000000079282,BRO,Brown & Brown Inc,NYSE,Seguros,3200.0,10000,Não auditada,Alta,405,Auditada,Média,320,Auditada,Média,300,1025,Risco Moderado
00000000866787,AZO,Autozone Inc,NYSE,Varejo,14629.0,103000,Não auditada,Média,260,Não auditada,Média,222,Não auditada,Média,213,695,Alto Risco
00000000885725,BSX,Boston Scientific Corp,NYSE,Cuidados com a Saúde,11888.0,40000,Auditada,Alta,525,Auditada,Média,399,Auditada,Média,300,1224,Baixo Risco
00000001393818,BX,Blackstone Inc,NYSE,Serviços Financeiros,13000.0,3600,Auditada,Alta,534,Auditada,Média,343,Auditada,Média,320,1197,Baixo Risco
00000001037540,BXP,Boston Properties Inc,NYSE,Imobiliário,2775.0,2600,Auditada,Alta,532,Auditada,Média,339,Auditada,Média,305,1176,Baixo Risco
00000000719739,SIVB,SVB Financial Group,NASDAQ,Bancos,3085.0,8500,Auditada,Alta,510,Auditada,Média,340,Auditada,Média,300,1150,Risco Moderado
00000000831001,C,Citigroup Inc,NYSE,Bancos,71884.0,223400,Auditada,Alta,515,Auditada,Média,300,Auditada,Média,303,1118,Risco Moderado
00000000018230,CAT,Caterpillar Inc,NYSE,Maquinário,51048.0,97300,Não auditada,Média,235,Não auditada,Média,239,Não auditada,Média,235,709,Alto Risco
00000001783180,CARR,Carrier Global Corp,NYSE,Construção Civil,18606.0,55000,Não auditada,Média,210,Não auditada,Média,258,Não auditada,Média,226,694,Alto Risco
00000001138118,CBRE,CBRE Group Inc,NYSE,Imobiliário,27442.0,105000,Não auditada,Média,200,Não auditada,Média,209,Não auditada,Média,200,609,Alto Risco
00000001051470,CCI,Crown Castle Inc,NYSE,Imobiliário,5785.0,5000,Auditada,Alta,500,Auditada,Média,300,Não auditada,Média,200,1000,Risco Moderado
00000001725057,CDAY,Ceridian HCM Holding Inc,NYSE,Tecnologia,1006.0,6000,Auditada,Alta,530,Auditada,Média,379,Auditada,Média,320,1229,Baixo Risco
00000000028412,CMA,Comerica Inc,NYSE,Bancos,2866.0,8800,Não auditada,Média,280,Auditada,Média,300,Não auditada,Média,230,810,Alto Risco
00000000882184,DHI,D R Horton Inc,NYSE,Produtos de Consumo,21977.0,12700,Não auditada,Média,250,Não auditada,Média,271,Não auditada,Média,205,726,Alto Risco
00000000029905,DOV,Dover Corp,NYSE,Maquinário,7913.0,24000,Auditada,Alta,500,Auditada,Média,320,Auditada,Média,305,1125,Risco Moderado
00000000940944,DRI,Darden Restaurants Inc,NYSE,Hotéis Restaurantes e Lazer,9595.0,177000,Auditada,Alta,515,Auditada,Média,309,Auditada,Média,300,1124,Risco Moderado
00000001306830,CE,Celanese Corp,NYSE,Químicos,7250.0,9000,Auditada,Alta,500,Auditada,Média,319,Auditada,Média,300,1119,Risco Moderado
00000000029534,DG,Dollar General Corp,NYSE,Varejo,34221.0,158000,Não auditada,Média,247,Não auditada,Média,222,Não auditada,Média,200,669,Alto Risco
00000001058090,CMG,Chipotle Mexican Grill Inc,NYSE,Hotéis Restaurantes e Lazer,7547.0,97600,Não auditada,Média,210,Não auditada,Média,241,Não auditada,Média,213,664,Alto Risco
00000001022079,DGX,Quest Diagnostics Inc,NYSE,Cuidados com a Saúde,10790.0,47000,Não auditada,Média,230,Auditada,Média,300,Não auditada,Média,205,735,Alto Risco
00000000815097,CCL,Carnival Corp,NYSE,Hotéis Restaurantes e Lazer,1909.0,88000,Auditada,Alta,515,Auditada,Média,326,Auditada,Média,320,1161,Baixo Risco
00000000313927,CHD,Church & Dwight Co Inc,NYSE,Produtos de Consumo,4996.0,5900,Auditada,Alta,578,Auditada,Média,341,Auditada,Média,348,1267,Baixo Risco
00000001751788,DOW,Dow Inc,NYSE,Químicos,54968.0,35700,Não auditada,Média,225,Não auditada,Média,201,Não auditada,Média,200,626,Alto Risco
00000001393612,DFS,Discover Financial Services,NYSE,Serviços Financeiros,11649.0,18000,Auditada,Média,335,Auditada,Média,321,Auditada,Média,313,969,Risco Moderado
00000001326160,DUK,Duke Energy Corp,NYSE,Utilidades,25079.0,28000,Não auditada,Excelente,604,Auditada,Média,362,Auditada,Média,328,1294,Baixo Risco
00000000783280,DRE,Duke Realty Corp,NYSE,Imobiliário,1021.0,600,Auditada,Alta,540,Auditada,Média,313,Auditada,Média,300,1153,Baixo Risco
00000001324404,CF,CF Industries Holdings Inc,NYSE,Químicos,5310.0,3000,Auditada,Alta,525,Auditada,Média,307,Auditada,Média,310,1142,Risco Moderado
00000001090012,DVN,Devon Energy Corp,NYSE,Energia,11567.0,1600,Auditada,Alta,570,Auditada,Média,301,Auditada,Média,300,1171,Baixo Risco
00000000031462,ECL,Ecolab Inc,NYSE,Químicos,12654.0,48000,Auditada,Alta,547,Auditada,Média,373,Auditada,Média,325,1245,Baixo Risco
00000000354950,HD,Home Depot Inc,NYSE,Varejo,151157.0,490600,Não auditada,Média,230,Auditada,Média,317,Não auditada,Média,205,752,Alto Risco
00000000936340,DTE,DTE Energy Co,NYSE,Utilidades,14054.0,10000,Auditada,Alta,592,Auditada,Média,313,Não auditada,Média,210,1115,Risco Moderado
00000000827052,EIX,Edison International,NYSE,Utilidades,14208.0,14000,Não auditada,Excelente,700,Auditada,Alta,513,Auditada,Média,315,1528,Baixo Risco
00000000024741,GLW,Corning Inc,NYSE,Equipamentos Elétricos,14082.0,50000,Não auditada,Média,200,Não auditada,Média,200,Não auditada,Média,200,600,Alto Risco
00000000927066,DVA,DaVita Inc,NYSE,Cuidados com a Saúde,11638.0,67000,Não auditada,Média,260,Auditada,Média,332,Auditada,Média,300,892,Alto Risco
00000000106040,WDC,Western Digital Corp,NASDAQ,Tecnologia,16922.0,67000,Auditada,Alta,545,Auditada,Média,339,Não auditada,Média,260,1144,Risco Moderado
00000000886982,GS,Goldman Sachs Group Inc,NYSE,Serviços Financeiros,59339.0,45100,Auditada,Alta,525,Auditada,Média,305,Auditada,Média,305,1135,Risco Moderado
00000001688568,DXC,DXC Technology Co,NYSE,Tecnologia,16265.0,130000,Auditada,Alta,505,Auditada,Média,326,Auditada,Média,305,1136,Risco Moderado
00000001551182,ETN,Eaton Corporation PLC,NYSE,Equipamentos Elétricos,19628.0,85000,Auditada,Alta,520,Auditada,Média,328,Auditada,Média,320,1168,Baixo Risco
00000001047862,ED,Consolidated Edison Inc,NYSE,Utilidades,12947.0,14000,Não auditada,Excelente,700,Auditada,Média,358,Auditada,Média,300,1358,Baixo Risco
00000000047111,HSY,Hershey Co,NYSE,Produtos Alimentícios,8971.0,16000,Auditada,Alta,525,Auditada,Média,361,Auditada,Média,300,1186,Baixo Risco
00000000200406,JNJ,Johnson & Johnson,NYSE,Farmacêuticos,93775.0,136400,Auditada,Alta,565,Auditada,Média,308,Auditada,Média,300,1173,Baixo Risco
00000000019617,JPM,JPMorgan Chase & Co,NYSE,Bancos,121649.0,271025,Auditada,Alta,505,Auditada,Média,319,Auditada,Média,338,1162,Baixo Risco
00000000021344,KO,Coca-Cola Co,NYSE,Bebidas,38655.0,79000,Não auditada,Média,200,Não auditada,Média,201,Não auditada,Média,200,601,Alto Risco
00000001170010,KMX,Carmax Inc,NYSE,Varejo,28184.0,29500,Não auditada,Média,251,Não auditada,Média,237,Auditada,Média,300,788,Alto Risco
00000001336920,LDOS,Leidos Holdings Inc,NYSE,Serviços Profissionais,13746.0,45000,Auditada,Alta,500,Auditada,Média,300,Auditada,Média,300,1100,Risco Moderado
00000000058492,LEG,Leggett & Platt Inc,NYSE,Produtos de Consumo,4283.0,21000,Auditada,Alta,500,Auditada,Média,300,Auditada,Média,300,1100,Risco Moderado
00000000063908,MCD,McDonald's Corp,NYSE,Hotéis Restaurantes e Lazer,23223.0,200000,Auditada,Alta,505,Auditada,Média,326,Auditada,Média,305,1136,Risco Moderado
00000001707925,LIN,Linde PLC,NYSE,Químicos,30793.0,82000,Não auditada,Média,210,Não auditada,Média,240,Não auditada,Média,275,725,Alto Risco
00000000018926,LUMN,Lumen Technologies Inc,NYSE,Telecomunicações,19688.0,22000,Auditada,Alta,535,Auditada,Média,327,Auditada,Média,305,1167,Baixo Risco
00000001489393,LYB,LyondellBasell Industries NV,NYSE,Químicos,46768.0,19200,Auditada,Alta,587,Auditada,Média,352,Auditada,Média,330,1269,Baixo Risco
00000001059556,MCO,Moody's Corp,NYSE,Serviços Financeiros,6037.0,14000,Auditada,Alta,515,Auditada,Média,308,Não auditada,Média,235,1058,Risco Moderado
00000000927653,MCK,Mckesson Corp,NYSE,Cuidados com a Saúde,238228.0,67000,Auditada,Alta,500,Auditada,Média,303,Auditada,Média,310,1113,Risco Moderado
00000000062996,MAS,Masco Corp,NYSE,Construção Civil,7974.0,20000,Auditada,Alta,522,Auditada,Média,323,Auditada,Média,305,1150,Risco Moderado
00000000060667,LOW,Lowe's Companies Inc,NYSE,Varejo,96250.0,300000,Não auditada,Média,218,Não auditada,Média,200,Não auditada,Média,200,618,Alto Risco
00000001613103,MDT,Medtronic PLC,NYSE,Cuidados com a Saúde,30117.0,95000,Auditada,Alta,515,Auditada,Média,308,Auditada,Média,315,1138,Risco Moderado
00000000063754,MKC,McCormick & Company Inc,NYSE,Produtos Alimentícios,6317.0,13000,Auditada,Alta,500,Auditada,Média,300,Auditada,Média,300,1100,Risco Moderado
00000001099219,MET,MetLife Inc,NYSE,Seguros,69878.0,43000,Auditada,Alta,517,Auditada,Média,305,Auditada,Média,305,1127,Risco Moderado
00000000789570,MGM,MGM Resorts International,NYSE,Hotéis Restaurantes e Lazer,9682.0,44000,Auditada,Alta,500,Auditada,Média,300,Não auditada,Média,200,1000,Risco Moderado
00000000062709,MMC,Marsh & McLennan Companies Inc,NYSE,Seguros,17012.0,78000,Auditada,Alta,500,Auditada,Média,300,Auditada,Média,300,1100,Risco Moderado
00000000764180,MO,Altria Group Inc,NYSE,Tabaco,21119.0,7000,Auditada,Alta,500,Auditada,Média,327,Auditada,Média,341,1168,Baixo Risco
00000000908255,BWA,Borgwarner Inc,NYSE,Componentes Automotivos,14839.0,49000,Não auditada,Média,260,Não auditada,Média,206,Não auditada,Média,230,696,Alto Risco
00000000310158,MRK,Merck & Co Inc,NYSE,Farmacêuticos,48704.0,68000,Auditada,Alta,500,Auditada,Média,305,Auditada,Média,315,1120,Risco Moderado
00000000101778,MRO,Marathon Oil Corp,NYSE,Energia,5272.0,2300,Auditada,Alta,530,Auditada,Média,313,Auditada,Média,305,1148,Risco Moderado
00000001510295,MPC,Marathon Petroleum Corp,NYSE,Energia,120376.0,18000,Não auditada,Excelente,700,Auditada,Média,366,Auditada,Média,315,1381,Baixo Risco
00000000895421,MS,Morgan Stanley,NYSE,Serviços Financeiros,59755.0,75498,Auditada,Alta,555,Auditada,Média,303,Auditada,Média,320,1178,Baixo Risco
00000000036270,MTB,M&T Bank Corp,NYSE,Bancos,5714.0,17000,Auditada,Alta,500,Auditada,Média,303,Não auditada,Média,260,1063,Risco Moderado
00000001037646,MTD,Mettler-Toledo International Inc,NYSE,Ferramentas e Serviços de Ciências da Vida,3318.0,14600,Auditada,Alta,505,Auditada,Média,300,Não auditada,Média,240,1045,Risco Moderado
00000000068505,MSI,Motorola Solutions Inc,NYSE,Comunicações,7878.0,19000,Auditada,Alta,505,Auditada,Média,305,Auditada,Média,347,1157,Baixo Risco
00000000753308,NEE,Nextera Energy Inc,NYSE,Utilidades,17069.0,14900,Não auditada,Excelente,668,Auditada,Média,306,Auditada,Média,313,1287,Baixo Risco
00000001408198,MSCI,MSCI Inc,NYSE,Serviços Financeiros,1978.0,3800,Auditada,Alta,580,Auditada,Média,347,Auditada,Média,335,1262,Baixo Risco
00000001513761,NCLH,Norwegian Cruise Line Holdings Ltd,NYSE,Hotéis Restaurantes e Lazer,1295.0,32500,Não auditada,Alta,495,Auditada,Média,306,Auditada,Média,300,1101,Risco Moderado
00000001111711,NI,NiSource Inc,NYSE,Utilidades,1765.0,7600,Auditada,Média,361,Auditada,Média,322,Não auditada,Média,223,906,Risco Moderado
00000001133421,NOC,Northrop Grumman Corp,NYSE,Aeroespacial e Defesa,35667.0,90000,Auditada,Alta,505,Auditada,Média,302,Auditada,Média,300,1107,Risco Moderado
00000001373715,NOW,ServiceNow Inc,NYSE,Tecnologia,5896.0,17000,Auditada,Alta,550,Auditada,Média,374,Auditada,Média,350,1274,Baixo Risco
00000000073309,NUE,Nucor Corp,NYSE,Metais e Mineração,36484.0,27400,Auditada,Média,374,Auditada,Média,340,Não auditada,Média,225,939,Risco Moderado
00000001492633,NLSN,Nielsen Holdings PLC,NYSE,Serviços Profissionais,6336.0,14000,Auditada,Alta,500,Auditada,Média,310,Auditada,Média,300,1110,Risco Moderado
00000000702165,NSC,Norfolk Southern Corp,NYSE,Rodovias e Ferrovias,11142.0,20900,Auditada,Média,358,Auditada,Média,339,Auditada,Média,330,1027,Risco Moderado
00000000906163,NVR,NVR Inc,NYSE,Produtos de Consumo,8498.0,6700,Não auditada,Média,265,Não auditada,Média,206,Não auditada,Média,205,676,Alto Risco
00000000080661,PGR,Progressive Corp,NYSE,Seguros,45277.0,49900,Auditada,Média,350,Auditada,Média,355,Não auditada,Média,270,975,Risco Moderado
00000000078003,PFE,Pfizer Inc,NYSE,Farmacêuticos,81288.0,79000,Auditada,Alta,500,Auditada,Média,300,Auditada,Média,300,1100,Risco Moderado
00000000822416,PHM,Pultegroup Inc,NYSE,Produtos de Consumo,13842.0,6300,Não auditada,Média,215,Não auditada,Média,203,Não auditada,Média,240,658,Alto Risco
00000000076334,PH,Parker-Hannifin Corp,NYSE,Maquinário,14884.0,55000,Auditada,Média,325,Auditada,Média,303,Não auditada,Média,225,853,Alto Risco
00000000031791,PKI,PerkinElmer Inc,NYSE,Ferramentas e Serviços de Ciências da Vida,3780.0,15000,Auditada,Alta,515,Auditada,Média,316,Auditada,Média,325,1156,Baixo Risco
00000001045609,PLD,Prologis Inc,NYSE,Imobiliário,4759.0,2600,Auditada,Alta,579,Auditada,Média,374,Auditada,Média,315,1268,Baixo Risco
00000000079879,PPG,PPG Industries Inc,NYSE,Químicos,16827.0,49000,Não auditada,Média,293,Não auditada,Média,236,Não auditada,Média,220,749,Alto Risco
00000001393311,PSA,Public Storage,NYSE,Imobiliário,2822.0,5900,Não auditada,Média,235,Não auditada,Média,245,Não auditada,Média,205,685,Alto Risco
00000000713676,PNC,PNC Financial Services Group Inc,NYSE,Bancos,17775.0,56000,Não auditada,Alta,455,Auditada,Média,323,Auditada,Média,300,1078,Risco Moderado
00000001413329,PM,Philip Morris International Inc,NYSE,Tabaco,31405.0,71000,Auditada,Alta,520,Auditada,Média,327,Auditada,Média,315,1162,Baixo Risco
00000000075677,PKG,Packaging Corp of America,NYSE,Embalagens,7025.0,14000,Auditada,Alta,500,Auditada,Média,303,Auditada,Média,300,1103,Risco Moderado
00000001534701,PSX,Phillips 66,NYSE,Energia,111407.0,14300,Auditada,Alta,569,Auditada,Média,363,Auditada,Média,310,1242,Baixo Risco
00000001137774,PRU,Prudential Financial Inc,NYSE,Seguros,59188.0,40000,Não auditada,Média,285,Auditada,Média,300,Não auditada,Média,288,873,Alto Risco
00000000077360,PNR,Pentair PLC,NYSE,Maquinário,3536.0,11600,Não auditada,Alta,433,Auditada,Média,330,Auditada,Média,315,1078,Risco Moderado
00000000764622,PNW,Pinnacle West Capital Corp,NYSE,Utilidades,3648.0,6700,Não auditada,Excelente,629,Não auditada,Alta,479,Auditada,Média,300,1408,Baixo Risco
00000000922224,PPL,PPL Corp,NYSE,Utilidades,7892.0,6800,Auditada,Alta,525,Auditada,Média,306,Auditada,Média,300,1131,Risco Moderado
00000001050915,PWR,Quanta Services Inc,NYSE,Construção,12754.0,47000,Auditada,Alta,540,Auditada,Média,382,Auditada,Média,310,1232,Baixo Risco
00000000720005,RJF,Raymond James Financial Inc,NYSE,Serviços Financeiros,9765.0,15000,Auditada,Alta,505,Auditada,Média,309,Auditada,Média,305,1119,Risco Moderado
00000001281761,RF,Regions Financial Corp,NYSE,Bancos,6073.0,22000,Não auditada,Alta,490,Auditada,Média,304,Auditada,Média,305,1099,Risco Moderado
00000000884887,RCL,Royal Caribbean Cruises Ltd,NYSE,Hotéis Restaurantes e Lazer,5542.0,60000,Auditada,Alta,503,Auditada,Média,327,Auditada,Média,310,1140,Risco Moderado
00000001037038,RL,Ralph Lauren Corp,NYSE,Têxteis Vestuário e Bens de Luxo,6179.0,26000,Não auditada,Alta,420,Auditada,Média,352,Auditada,Média,303,1075,Risco Moderado
00000000078239,PVH,PVH Corp,NYSE,Têxteis Vestuário e Bens de Luxo,9153.0,40000,Não auditada,Alta,418,Auditada,Média,319,Auditada,Média,315,1052,Risco Moderado
00000000315213,RHI,Robert Half International Inc,NYSE,Serviços Profissionais,5855.0,38500,Não auditada,Média,255,Auditada,Média,334,Auditada,Média,310,899,Alto Risco
00000001038357,PXD,Pioneer Natural Resources Co,NYSE,Energia,9483.0,1750,Não auditada,Excelente,700,Não auditada,Alta,412,Auditada,Média,300,1412,Baixo Risco
00000000084839,ROL,Rollins Inc,NYSE,Serviços e Suprimentos Comerciais,2032.0,13000,Auditada,Alta,500,Auditada,Média,300,Auditada,Média,305,1105,Risco Moderado
00000000943819,RMD,Resmed Inc,NYSE,Cuidados com a Saúde,3202.0,8000,Auditada,Média,330,Auditada,Média,312,Auditada,Média,300,942,Risco Moderado
00000000316709,SCHW,Charles Schwab Corp,NYSE,Serviços Financeiros,18521.0,33200,Auditada,Alta,515,Auditada,Média,300,Auditada,Média,300,1115,Risco Moderado
00000001024478,ROK,Rockwell Automation Inc,NYSE,Equipamentos Elétricos,6977.0,23000,Auditada,Média,308,Não auditada,Média,243,Não auditada,Média,210,761,Alto Risco
00000001260221,TDG,TransDigm Group Inc,NYSE,Aeroespacial e Defesa,14196.0,14000,Auditada,Alta,500,Auditada,Média,300,Auditada,Média,300,1100,Risco Moderado
00000001012100,SEE,Sealed Air Corp,NYSE,Embalagens,5674.0,17000,Auditada,Alta,555,Auditada,Média,318,Não auditada,Média,257,1130,Risco Moderado
00000000882835,ROP,Roper Technologies Inc,NYSE,Tecnologia,5543.0,14000,Auditada,Alta,570,Auditada,Média,350,Auditada,Média,340,1260,Baixo Risco
00000000093556,SWK,Stanley Black & Decker Inc,NYSE,Maquinário,15617.0,54700,Auditada,Alta,555,Auditada,Média,315,Auditada,Média,300,1170,Baixo Risco
00000000016918,STZ,Constellation Brands Inc,NYSE,Bebidas,8819.0,10000,Não auditada,Alta,459,Auditada,Média,313,Não auditada,Média,295,1067,Risco Moderado
00000000310764,SYK,Stryker Corp,NYSE,Cuidados com a Saúde,17108.0,40000,Não auditada,Alta,485,Auditada,Média,321,Auditada,Média,325,1131,Risco Moderado
00000000096021,SYY,Sysco Corp,NYSE,Varejo,57981.0,57000,Auditada,Alta,555,Auditada,Média,301,Auditada,Média,305,1161,Baixo Risco
00000000089800,SHW,Sherwin-Williams Co,NYSE,Químicos,19945.0,61000,Não auditada,Média,295,Não auditada,Média,259,Não auditada,Média,220,774,Alto Risco
00000000064040,SPGI,S&P Global Inc,NYSE,Serviços Financeiros,8297.0,33790,Não auditada,Alta,435,Auditada,Média,341,Auditada,Média,310,1086,Risco Moderado
00000001757898,STE,STERIS plc,NYSE,Cuidados com a Saúde,4527.0,18000,Auditada,Alta,510,Auditada,Média,301,Auditada,Média,305,1116,Risco Moderado
00000001601712,SYF,Synchrony Financial,NYSE,Serviços Financeiros,8180.0,20000,Auditada,Média,325,Auditada,Média,312,Auditada,Média,310,947,Risco Moderado
00000001063761,SPG,Simon Property Group Inc,NYSE,Imobiliário,4738.0,4300,Não auditada,Média,225,Não auditada,Média,247,Não auditada,Média,205,677,Alto Risco
00000001032208,SRE,Sempra Energy,NYSE,Utilidades,10998.0,15000,Não auditada,Excelente,700,Auditada,Média,386,Auditada,Média,310,1396,Baixo Risco
00000000092122,SO,Southern Co,NYSE,Utilidades,20537.0,29000,Auditada,Alta,515,Auditada,Média,307,Auditada,Média,330,1152,Baixo Risco
00000000093751,STT,State Street Corp,NYSE,Serviços Financeiros,12034.0,40000,Não auditada,Média,225,Não auditada,Média,211,Não auditada,Média,210,646,Alto Risco
00000000091440,SNA,Snap-On Inc,NYSE,Maquinário,3735.0,14700,Auditada,Alta,500,Auditada,Média,300,Não auditada,Média,261,1061,Risco Moderado
00000000101829,RTX,Raytheon Technologies Corp,NYSE,Aeroespacial e Defesa,64388.0,181000,Auditada,Alta,520,Auditada,Média,330,Não auditada,Alta,400,1250,Baixo Risco
00000000874766,HIG,Hartford Financial Services Group Inc,NYSE,Seguros,22388.0,20000,Auditada,Alta,500,Auditada,Média,305,Auditada,Média,305,1110,Risco Moderado
00000001385157,TEL,TE Connectivity Ltd,NYSE,Equipamentos Elétricos,14197.0,65000,Não auditada,Média,200,Não auditada,Média,200,Não auditada,Média,200,600,Alto Risco
00000000096943,TFX,Teleflex Inc,NYSE,Cuidados com a Saúde,2537.0,14000,Não auditada,Média,200,Não auditada,Média,200,Não auditada,Média,200,600,Alto Risco
00000000092230,TFC,Truist Financial Corp,NYSE,Bancos,14934.0,55000,Não auditada,Alta,480,Auditada,Média,308,Auditada,Média,300,1088,Risco Moderado
00000001094285,TDY,Teledyne Technologies Inc,NYSE,Equipamentos Elétricos,3082.0,13000,Auditada,Alta,500,Auditada,Média,300,Auditada,Média,300,1100,Risco Moderado
00000000027419,TGT,Target Corp,NYSE,Varejo,106005.0,440000,Auditada,Alta,550,Auditada,Média,342,Auditada,Média,313,1205,Baixo Risco
00000000109198,TJX,TJX Companies Inc,NYSE,Varejo,48549.0,294000,Auditada,Alta,500,Auditada,Média,300,Auditada,Média,300,1100,Risco Moderado
00000001116132,TPR,Tapestry Inc,NYSE,Têxteis Vestuário e Bens de Luxo,6038.0,15000,Não auditada,Alta,483,Auditada,Média,310,Auditada,Média,300,1093,Risco Moderado
00000000086312,TRV,Travelers Companies Inc,NYSE,Seguros,33977.0,30400,Auditada,Alta,500,Auditada,Média,300,Auditada,Média,300,1100,Risco Moderado
00000000097745,TMO,Thermo Fisher Scientific Inc,NYSE,Ferramentas e Serviços de Ciências da Vida,39211.0,80000,Auditada,Alta,527,Auditada,Média,332,Não auditada,Média,280,1139,Risco Moderado
00000001466258,TT,Trane Technologies PLC,NYSE,Construção Civil,14125.0,38000,Não auditada,Excelente,700,Auditada,Média,389,Auditada,Média,320,1409,Baixo Risco
00000000100493,TSN,Tyson Foods Inc,NYSE,Produtos Alimentícios,47049.0,137000,Auditada,Alta,530,Auditada,Média,374,Auditada,Média,340,1244,Baixo Risco
00000000860731,TYL,Tyler Technologies Inc,NYSE,Tecnologia,1090.0,5800,Não auditada,Alta,400,Auditada,Média,306,Auditada,Média,305,1011,Risco Moderado
00000000217346,TXT,Textron Inc,NYSE,Aeroespacial e Defesa,12867.0,35000,Auditada,Alta,500,Auditada,Média,300,Não auditada,Média,200,1000,Risco Moderado
00000000731766,UNH,UnitedHealth Group Inc,NYSE,Cuidados com a Saúde,287597.0,350000,Auditada,Alta,500,Auditada,Média,300,Auditada,Média,300,1100,Risco Moderado
00000001090727,UPS,United Parcel Service Inc,NYSE,Logística e Transporte,97287.0,534000,Auditada,Alta,540,Auditada,Média,374,Não auditada,Média,245,1159,Baixo Risco
00000000074208,UDR,UDR Inc,NYSE,Imobiliário,1054.0,1700,Não auditada,Média,225,Auditada,Média,301,Não auditada,Média,215,741,Alto Risco
00000000352915,UHS,Universal Health Services Inc,NYSE,Cuidados com a Saúde,12642.0,90000,Auditada,Alta,560,Auditada,Média,320,Auditada,Média,338,1218,Baixo Risco
00000001285785,MOS,Mosaic Co,NYSE,Químicos,12344.0,14600,Auditada,Alta,515,Auditada,Média,379,Auditada,Média,315,1209,Baixo Risco
00000000036104,USB,US Bancorp,NYSE,Bancos,23290.0,68000,Auditada,Média,336,Auditada,Média,317,Auditada,Média,300,953,Risco Moderado
00000001067701,URI,United Rentals Inc,NYSE,Empresas Comerciais e Distribuidores,10138.0,19600,Não auditada,Alta,472,Auditada,Média,318,Auditada,Média,300,1090,Risco Moderado
00000000899689,VNO,Vornado Realty Trust,NYSE,Imobiliário,1765.0,4400,Auditada,Alta,540,Auditada,Média,326,Auditada,Média,325,1191,Baixo Risco
00000001035002,VLO,Valero Energy Corp,NYSE,Energia,108332.0,10000,Não auditada,Excelente,608,Auditada,Média,307,Auditada,Média,330,1245,Baixo Risco
00000000103379,VFC,VF Corp,NYSE,Têxteis Vestuário e Bens de Luxo,11803.0,35000,Auditada,Alta,505,Auditada,Média,301,Auditada,Média,300,1106,Risco Moderado
00000001403161,V,Visa Inc,NYSE,Tecnologia,12970.0,21500,Auditada,Alta,504,Auditada,Média,368,Auditada,Média,310,1182,Baixo Risco
00000000740260,VTR,Ventas Inc,NYSE,Imobiliário,3700.0,500,Auditada,Alta,500,Auditada,Média,300,Auditada,Média,300,1100,Risco Moderado
00000001396009,VMC,Vulcan Materials Co,NYSE,Construção,4625.0,10000,Auditada,Alta,570,Auditada,Média,319,Auditada,Média,300,1189,Baixo Risco
00000000783325,WEC,WEC Energy Group Inc,NYSE,Utilidades,7718.0,8000,Não auditada,Excelente,635,Não auditada,Alta,438,Auditada,Média,300,1373,Baixo Risco
00000000766704,WELL,Welltower OP LLC,NYSE,Imobiliário,4707.0,3400,Não auditada,Alta,437,Auditada,Média,326,Auditada,Média,300,1063,Risco Moderado
00000001000697,WAT,Waters Corp,NYSE,Ferramentas e Serviços de Ciências da Vida,2562.0,7300,Não auditada,Média,270,Não auditada,Média,292,Não auditada,Média,235,797,Alto Risco
00000000823768,WM,Waste Management Inc,NYSE,Serviços e Suprimentos Comerciais,18199.0,49500,Não auditada,Excelente,613,Não auditada,Alta,408,Não auditada,Média,285,1306,Baixo Risco
00000000943452,WAB,Westinghouse Air Brake Technologies Corp,NYSE,Maquinário,7836.0,27000,Não auditada,Excelente,607,Auditada,Média,311,Auditada,Média,320,1238,Baixo Risco
00000000107263,WMB,Williams Companies Inc,NYSE,Energia,10627.0,6800,Auditada,Alta,500,Auditada,Média,300,Auditada,Média,300,1100,Risco Moderado
00000000072971,WFC,Wells Fargo & Co,NYSE,Bancos,78492.0,250000,Auditada,Alta,500,Auditada,Média,300,Auditada,Média,300,1100,Risco Moderado
00000000106640,WHR,Whirlpool Corp,NYSE,Produtos de Consumo,19407.0,78000,Auditada,Alta,500,Auditada,Média,301,Auditada,Média,300,1101,Risco Moderado
00000000105770,WST,West Pharmaceutical Services Inc,NYSE,Ferramentas e Serviços de Ciências da Vida,2815.0,8400,Auditada,Alta,540,Auditada,Média,330,Auditada,Média,305,1175,Baixo Risco
00000000011544,WRB,W R Berkley Corp,NYSE,Seguros,10026.0,8000,Auditada,Média,360,Não auditada,Média,294,Auditada,Média,300,954,Risco Moderado
00000000104169,WMT,Walmart Inc,NYSE,Varejo,572754.0,2300000,Auditada,Média,310,Não auditada,Média,281,Não auditada,Média,220,811,Alto Risco
00000001365135,WU,Western Union Co,NYSE,Tecnologia,5062.0,10000,Não auditada,Média,205,Não auditada,Média,205,Não auditada,Média,228,638,Alto Risco
00000001041061,YUM,Yum! Brands Inc,NYSE,Hotéis Restaurantes e Lazer,6090.0,34000,Auditada,Alta,500,Auditada,Média,320,Auditada,Média,310,1130,Risco Moderado
00000001524472,XYL,Xylem Inc,NYSE,Maquinário,5202.0,21000,Auditada,Média,374,Não auditada,Média,254,Não auditada,Média,210,838,Alto Risco
00000000106535,WY,Weyerhaeuser Co,NYSE,Imobiliário,10201.0,9600,Não auditada,Excelente,700,Auditada,Média,340,Auditada,Média,300,1340,Baixo Risco
00000001732845,WRK,Westrock Co,NYSE,Embalagens,18286.0,49000,Auditada,Alta,555,Auditada,Média,324,Auditada,Média,305,1184,Baixo Risco
00000000034088,XOM,Exxon Mobil Corp,NYSE,Energia,276692.0,63000,Auditada,Alta,538,Auditada,Média,322,Auditada,Média,313,1173,Baixo Risco
00000001136869,ZBH,Zimmer Biomet Holdings Inc,NYSE,Cuidados com a Saúde,8001.0,21000,Auditada,Alta,520,Auditada,Média,330,Auditada,Média,310,1160,Baixo Risco
00000001555280,ZTS,Zoetis Inc,NYSE,Farmacêuticos,7776.0,12100,Auditada,Alta,520,Auditada,Média,348,Auditada,Média,310,1178,Baixo Risco
00000000315189,DE,Deere & Co,NYSE,Maquinário,44024.0,69000,Auditada,Alta,560,Auditada,Média,339,Auditada,Média,305,1204,Baixo Risco
00000001666700,DD,Dupont De Nemours Inc,NYSE,Químicos,15668.0,34300,Auditada,Alta,550,Auditada,Média,341,Não auditada,Média,295,1186,Baixo Risco
00000000715957,D,Dominion Energy Inc,NYSE,Utilidades,15785.0,17000,Auditada,Alta,535,Auditada,Média,325,Auditada,Média,310,1170,Baixo Risco
00000000064803,CVS,CVS Health Corp,NYSE,Cuidados com a Saúde,292111.0,258000,Auditada,Alta,540,Auditada,Média,302,Auditada,Média,315,1157,Baixo Risco
00000000027904,DAL,Delta Air Lines Inc,NYSE,Companhias Aéreas,29899.0,83000,Auditada,Alta,515,Auditada,Média,300,Auditada,Média,313,1128,Risco Moderado
00000001108524,CRM,Salesforce Inc,NYSE,Tecnologia,26492.0,73541,Não auditada,Média,215,Não auditada,Média,241,Não auditada,Média,200,656,Alto Risco
00000000093410,CVX,Chevron Corp,NYSE,Energia,155606.0,42595,Não auditada,Média,210,Não auditada,Média,217,Não auditada,Média,210,637,Alto Risco
00000001755672,CTVA,Corteva Inc,NYSE,Químicos,15655.0,23000,Não auditada,Excelente,610,Auditada,Média,312,Auditada,Média,320,1242,Baixo Risco
00000000858470,CTRA,Coterra Energy Inc,NYSE,Energia,2300.0,700,Auditada,Alta,555,Auditada,Média,329,Auditada,Média,310,1194,Baixo Risco
00000001596783,CTLT,Catalent Inc,NYSE,Farmacêuticos,4185.0,16000,Não auditada,Alta,483,Auditada,Média,303,Auditada,Média,305,1091,Risco Moderado
00000000016732,CPB,Campbell Soup Co,NYSE,Produtos Alimentícios,8475.0,14000,Auditada,Alta,515,Auditada,Média,301,Auditada,Média,305,1121,Risco Moderado
00000001100682,CRL,Charles River Laboratories International Inc,NYSE,Ferramentas e Serviços de Ciências da Vida,3537.0,19000,Auditada,Alta,510,Auditada,Média,322,Não auditada,Média,235,1067,Risco Moderado
00000001163165,COP,Conocophillips,NYSE,Energia,47020.0,9700,Não auditada,Excelente,687,Auditada,Alta,544,Auditada,Média,305,1536,Baixo Risco
00000000711404,COO,Cooper Companies Inc,NYSE,Cuidados com a Saúde,3105.0,14000,Auditada,Alta,500,Auditada,Média,300,Auditada,Média,300,1100,Risco Moderado
00000000927628,COF,Capital One Financial Corp,NYSE,Serviços Financeiros,31364.0,51300,Auditada,Alta,508,Auditada,Média,309,Auditada,Média,320,1137,Risco Moderado
00000001071739,CNC,Centene Corp,NYSE,Cuidados com a Saúde,125985.0,75000,Auditada,Alta,548,Auditada,Média,355,Auditada,Média,315,1218,Baixo Risco
00000001130310,CNP,CenterPoint Energy Inc,NYSE,Utilidades,8178.0,8500,Auditada,Alta,550,Auditada,Média,320,Não auditada,Média,260,1130,Risco Moderado
00000000811156,CMS,CMS Energy Corp,NYSE,Utilidades,6963.0,7500,Não auditada,Alta,450,Não auditada,Excelente,667,Não auditada,Baixa,75,1192,Baixo Risco
00000000026172,CMI,Cummins Inc,NYSE,Maquinário,19811.0,57825,Auditada,Alta,510,Auditada,Média,320,Auditada,Média,300,1130,Risco Moderado
00000000021665,CL,Colgate-Palmolive Co,NYSE,Produtos de Consumo,17421.0,33700,Auditada,Alta,520,Auditada,Média,310,Auditada,Média,310,1140,Risco Moderado
00000000066740,MMM,3M Co,NYSE,Conglomerados Industriais,35355.0,95000,Auditada,Alta,526,Auditada,Média,310,Auditada,Média,305,1141,Risco Moderado
00000000759944,CFG,Citizens Financial Group Inc,NYSE,Bancos,7188.0,17500,Não auditada,Média,230,Não auditada,Média,215,Não auditada,Média,205,650,Alto Risco
00000000023217,CAG,Conagra Brands Inc,NYSE,Produtos Alimentícios,11198.0,18000,Auditada,Alta,525,Auditada,Média,306,Auditada,Média,300,1131,Risco Moderado
00000001739940,CI,Cigna Corp,NYSE,Cuidados com a Saúde,174078.0,74000,Auditada,Alta,508,Auditada,Média,328,Auditada,Média,310,1146,Risco Moderado
00000000721371,CAH,Cardinal Health Inc,NYSE,Cuidados com a Saúde,162467.0,44000,Auditada,Alta,505,Auditada,Média,300,Auditada,Média,315,1120,Risco Moderado
00000001141391,MA,Mastercard Inc,NYSE,Tecnologia,18884.0,24000,Não auditada,Média,210,Não auditada,Média,230,Não auditada,Média,215,655,Alto Risco
00000001679273,LW,Lamb Weston Holdings Inc,NYSE,Produtos Alimentícios,4404.0,10000,Auditada,Média,345,Não auditada,Média,256,Auditada,Média,300,901,Risco Moderado
00000000912595,MAA,Mid-America Apartment Communities Inc,NYSE,Imobiliário,1780.0,2500,Auditada,Média,315,Não auditada,Média,261,Não auditada,Média,210,786,Alto Risco
00000000916076,MLM,Martin Marietta Materials Inc,NYSE,Construção,5010.0,10500,Auditada,Alta,573,Auditada,Média,313,Auditada,Média,300,1186,Baixo Risco
00000000092380,LUV,Southwest Airlines Co,NYSE,Companhias Aéreas,15791.0,56500,Não auditada,Média,295,Auditada,Média,314,Não auditada,Média,218,827,Alto Risco
00000000059558,LNC,Lincoln National Corp,NYSE,Seguros,18921.0,11000,Não auditada,Excelente,700,Auditada,Média,300,Auditada,Média,300,1300,Baixo Risco
00000000920760,LEN,Lennar Corp,NYSE,Produtos de Consumo,26266.0,8000,Auditada,Média,363,Auditada,Média,344,Não auditada,Média,220,927,Risco Moderado
00000000080424,PG,Procter & Gamble Co,NYSE,Produtos de Consumo,76118.0,101000,Auditada,Alta,560,Não auditada,Alta,422,Auditada,Média,310,1292,Baixo Risco
00000001821825,OGN,Organon & Co,NYSE,Farmacêuticos,6518.0,9000,Auditada,Alta,515,Auditada,Média,335,Auditada,Média,305,1155,Baixo Risco
00000000797468,OXY,Occidental Petroleum Corp,NYSE,Energia,25974.0,11400,Auditada,Alta,505,Auditada,Média,302,Auditada,Média,300,1107,Risco Moderado
00000001571996,DELL,Dell Technologies Inc,NYSE,Tecnologia,101197.0,133000,Auditada,Alta,500,Auditada,Média,318,Não auditada,Média,275,1093,Risco Moderado
00000001590955,PAYC,Paycom Software Inc,NYSE,Tecnologia,1005.0,5300,Não auditada,Alta,470,Auditada,Média,305,Auditada,Média,315,1090,Risco Moderado
00000000788784,PEG,Public Service Enterprise Group Inc,NYSE,Utilidades,9325.0,13000,Auditada,Alta,500,Auditada,Média,300,Não auditada,Média,205,1005,Risco Moderado
00000001039684,OKE,ONEOK Inc,NYSE,Energia,14218.0,4600,Auditada,Alta,581,Auditada,Média,326,Auditada,Média,355,1262,Baixo Risco
00000001013871,NRG,NRG Energy Inc,NYSE,Utilidades,9828.0,3600,Auditada,Média,371,Auditada,Média,327,Não auditada,Média,218,916,Risco Moderado
00000000060086,L,Loews Corp,NYSE,Seguros,17012.0,19000,Auditada,Alta,505,Auditada,Média,303,Auditada,Média,313,1121,Risco Moderado
00000000029989,OMC,Omnicom Group Inc,NYSE,Mídia,14289.0,77000,Auditada,Alta,543,Auditada,Média,333,Auditada,Média,305,1181,Baixo Risco
00000001341439,ORCL,Oracle Corp,NYSE,Tecnologia,40479.0,143000,Auditada,Alta,500,Auditada,Média,300,Não auditada,Média,200,1000,Risco Moderado
00000000726728,O,Realty Income Corp,NYSE,Imobiliário,1800.0,300,Auditada,Alta,500,Auditada,Média,300,Auditada,Média,300,1100,Risco Moderado
00000001286681,DPZ,Domino's Pizza Inc,NYSE,Hotéis Restaurantes e Lazer,4117.0,16000,Não auditada,Média,205,Não auditada,Média,205,Não auditada,Média,200,610,Alto Risco
00000000732717,T,AT&T Inc,NYSE,Telecomunicações,168864.0,203000,Não auditada,Média,210,Não auditada,Média,200,Auditada,Média,305,715,Alto Risco
00000000100885,UNP,Union Pacific Corp,NYSE,Rodovias e Ferrovias,21804.0,32269,Não auditada,Média,290,Não auditada,Média,257,Não auditada,Média,245,792,Alto Risco
00000001164727,NEM,Newmont Corporation,NYSE,Metais e Mineração,11497.0,15300,Não auditada,Excelente,675,Auditada,Média,389,Auditada,Média,355,1419,Baixo Risco
00000001048911,FDX,FedEx Corp,NYSE,Logística e Transporte,83959.0,570000,Auditada,Média,335,Não auditada,Média,278,Não auditada,Média,255,868,Alto Risco
00000000320187,NKE,Nike Inc,NYSE,Têxteis Vestuário e Bens de Luxo,44538.0,73300,Não auditada,Média,205,Não auditada,Média,275,Não auditada,Média,200,680,Alto Risco
00000000037996,F,Ford Motor Co,NYSE,Automóveis,136341.0,183000,Não auditada,Média,292,Não auditada,Média,246,Não auditada,Média,215,753,Alto Risco
00000000936468,LMT,Lockheed Martin Corp,NYSE,Aeroespacial e Defesa,67044.0,114000,Auditada,Alta,510,Auditada,Média,324,Auditada,Média,320,1154,Baixo Risco
00000001060391,RSG,Republic Services Inc,NYSE,Serviços e Suprimentos Comerciais,10150.0,40000,Não auditada,Média,293,Não auditada,Média,235,Não auditada,Média,216,744,Alto Risco
00000001463101,ENPH,Enphase Energy Inc,NASDAQ,Semicondutores,1382.0,3000,Auditada,Alta,565,Auditada,Média,316,Auditada,Média,300,1181,Baixo Risco
00000001109357,EXC,Exelon Corp,NASDAQ,Utilidades,35985.0,22500,Não auditada,Excelente,694,Não auditada,Alta,403,Auditada,Média,316,1413,Baixo Risco
00000000746515,EXPD,Expeditors International of Washington Inc,NASDAQ,Logística e Transporte,16529.0,17711,Auditada,Alta,510,Auditada,Média,302,Auditada,Média,300,1112,Risco Moderado
00000001324424,EXPE,Expedia Group Inc,NASDAQ,Hotéis Restaurantes e Lazer,8598.0,22000,Não auditada,Média,225,Não auditada,Média,242,Auditada,Média,305,772,Alto Risco
00000000815556,FAST,Fastenal Co,NASDAQ,Empresas Comerciais e Distribuidores,5353.0,23000,Não auditada,Média,230,Auditada,Média,302,Não auditada,Média,200,732,Alto Risco
00000001048695,FFIV,F5 Inc,NASDAQ,Comunicações,2601.0,6500,Não auditada,Média,200,Não auditada,Média,221,Não auditada,Média,215,636,Alto Risco
00000000798354,FISV,Fiserv Inc,NASDAQ,Tecnologia,14852.0,44000,Auditada,Média,395,Auditada,Média,302,Auditada,Média,310,1007,Risco Moderado
00000001101239,EQIX,Equinix Inc,NASDAQ,Imobiliário,6636.0,10000,Auditada,Alta,515,Auditada,Média,323,Auditada,Média,315,1153,Baixo Risco
00000001262039,FTNT,Fortinet Inc,NASDAQ,Tecnologia,2590.0,8000,Auditada,Alta,500,Auditada,Média,306,Auditada,Média,305,1111,Risco Moderado
00000001370637,ETSY,ETSY Inc,NASDAQ,Varejo,2329.0,2700,Não auditada,Média,235,Não auditada,Média,241,Não auditada,Média,235,711,Alto Risco
00000000038777,BEN,Franklin Resources Inc,NYSE,Serviços Financeiros,1628.0,9400,Auditada,Média,321,Auditada,Média,349,Auditada,Média,310,980,Risco Moderado
00000001297996,DLR,Digital Realty Trust Inc,NYSE,Imobiliário,4054.0,3000,Auditada,Alta,540,Auditada,Média,317,Auditada,Média,300,1157,Baixo Risco
00000000313616,DHR,Danaher Corp,NYSE,Ferramentas e Serviços de Ciências da Vida,29453.0,78000,Auditada,Alta,530,Auditada,Média,344,Auditada,Média,385,1259,Baixo Risco
00000000033185,EFX,Equifax Inc,NYSE,Serviços Profissionais,4928.0,13000,Auditada,Média,390,Auditada,Média,300,Auditada,Média,305,995,Risco Moderado
00000001001250,EL,Estee Lauder Companies Inc,NYSE,Produtos de Consumo,16215.0,85000,Auditada,Alta,500,Auditada,Média,300,Auditada,Média,300,1100,Risco Moderado
00000000915389,EMN,Eastman Chemical Co,NYSE,Químicos,9823.0,14400,Auditada,Alta,583,Auditada,Média,365,Auditada,Média,310,1258,Baixo Risco
00000000032604,EMR,Emerson Electric Co,NYSE,Equipamentos Elétricos,15160.0,86700,Não auditada,Excelente,605,Auditada,Média,323,Auditada,Média,315,1243,Baixo Risco
00000000821189,EOG,EOG Resources Inc,NYSE,Energia,17350.0,2800,Auditada,Alta,550,Não auditada,Média,252,Não auditada,Média,240,1042,Risco Moderado
00000000906107,EQR,Equity Residential,NYSE,Imobiliário,2257.0,2500,Não auditada,Média,235,Não auditada,Média,208,Não auditada,Média,210,653,Alto Risco
00000000072741,ES,Eversource Energy,NYSE,Utilidades,2327.0,8500,Auditada,Alta,576,Não auditada,Alta,409,Auditada,Média,310,1295,Baixo Risco
00000000920522,ESS,Essex Property Trust Inc,NYSE,Imobiliário,1526.0,1500,Auditada,Média,377,Auditada,Média,304,Não auditada,Média,210,891,Alto Risco
00000000035527,FITB,Fifth Third Bancorp,NASDAQ,Bancos,7651.0,20000,Auditada,Média,313,Auditada,Média,300,Não auditada,Média,215,828,Alto Risco
00000000065984,ETR,Entergy Corp,NYSE,Utilidades,11019.0,13000,Não auditada,Excelente,653,Auditada,Média,380,Auditada,Média,310,1343,Baixo Risco
00000001289490,EXR,Extra Space Storage Inc,NYSE,Imobiliário,1340.0,4400,Auditada,Alta,572,Não auditada,Média,289,Não auditada,Média,225,1086,Risco Moderado
00000001099800,EW,Edwards Lifesciences Corp,NYSE,Cuidados com a Saúde,5232.0,14000,Não auditada,Média,290,Auditada,Média,333,Auditada,Média,305,928,Risco Moderado
00000001754301,FOXA,Fox Corp,NASDAQ,Mídia,14108.0,8400,Não auditada,Média,295,Auditada,Média,330,Auditada,Média,315,940,Risco Moderado
00000000831259,FCX,Freeport-McMoRan Inc,NYSE,Metais e Mineração,22845.0,27500,Não auditada,Excelente,608,Auditada,Média,313,Auditada,Média,305,1226,Baixo Risco
00000001031296,FE,FirstEnergy Corp,NYSE,Utilidades,11049.0,13000,Auditada,Alta,510,Auditada,Média,304,Auditada,Média,300,1114,Risco Moderado
00000001175454,FLT,Fleetcor Technologies Inc,NYSE,Tecnologia,2672.0,11000,Não auditada,Alta,410,Auditada,Média,302,Auditada,Média,300,1012,Risco Moderado
00000001136893,FIS,Fidelity National Information Services Inc,NYSE,Tecnologia,13877.0,65000,Auditada,Alta,530,Não auditada,Média,298,Auditada,Média,310,1138,Risco Moderado
00000001132979,FRC,First Republic Bank,NYSE,Bancos,5155.0,7000,Auditada,Média,370,Auditada,Média,331,Não auditada,Média,288,989,Risco Moderado
00000000037785,FMC,FMC Corp,NYSE,Químicos,5047.0,7300,Auditada,Alta,510,Auditada,Média,307,Auditada,Média,315,1132,Risco Moderado
00000000034903,FRT,Federal Realty Investment Trust,NYSE,Imobiliário,878.0,200,Auditada,Alta,525,Auditada,Média,302,Auditada,Média,300,1127,Risco Moderado
00000001659166,FTV,Fortive Corp,NYSE,Maquinário,2800.0,10000,Auditada,Alta,540,Auditada,Média,326,Auditada,Média,305,1171,Baixo Risco
00000000039911,GPS,Gap Inc,NYSE,Varejo,4480.0,90000,Auditada,Alta,515,Auditada,Média,349,Auditada,Média,300,1164,Baixo Risco
00000001121788,GRMN,Garmin Ltd,NYSE,Produtos de Consumo,4982.0,18000,Não auditada,Média,205,Não auditada,Média,242,Não auditada,Média,200,647,Alto Risco
00000000749251,IT,Gartner Inc,NYSE,Tecnologia,4600.0,18000,Auditada,Alta,500,Auditada,Média,316,Auditada,Média,315,1131,Risco Moderado
00000000059478,LLY,Eli Lilly and Co,NYSE,Farmacêuticos,28318.0,35000,Auditada,Alta,510,Auditada,Média,360,Auditada,Média,310,1180,Baixo Risco
00000001095073,RE,Everest Re Group Ltd,NYSE,Seguros,11736.0,15000,Auditada,Alta,505,Não auditada,Média,276,Auditada,Média,305,1086,Risco Moderado
00000001711269,EVRG,Evergy Inc,NYSE,Utilidades,2423.0,5000,Auditada,Alta,555,Auditada,Média,310,Auditada,Média,300,1165,Baixo Risco
00000001519751,FBHS,Fortune Brands Home & Security Inc,NYSE,Construção Civil,3019.0,13000,Auditada,Alta,510,Auditada,Média,302,Auditada,Média,300,1112,Risco Moderado
00000000882095,GILD,Gilead Sciences Inc,NASDAQ,Biotecnologia,27305.0,13000,Auditada,Alta,500,Auditada,Média,303,Auditada,Média,300,1103,Risco Moderado
00000000859737,HOLX,Hologic Inc,NASDAQ,Cuidados com a Saúde,5594.0,9000,Auditada,Alta,515,Auditada,Média,324,Auditada,Média,315,1154,Baixo Risco
00000001000228,HSIC,Henry Schein Inc,NASDAQ,Cuidados com a Saúde,11993.0,24000,Não auditada,Média,210,Não auditada,Média,205,Não auditada,Média,200,615,Alto Risco
00000000773840,HON,Honeywell International Inc,NASDAQ,Conglomerados Industriais,34392.0,100000,Auditada,Alta,545,Auditada,Média,344,Auditada,Média,308,1197,Baixo Risco
00000001070750,HST,Host Hotels & Resorts Inc,NASDAQ,Imobiliário,2765.0,200,Auditada,Alta,510,Auditada,Média,318,Auditada,Média,318,1146,Risco Moderado
00000000040533,GD,General Dynamics Corp,NYSE,Aeroespacial e Defesa,38469.0,103100,Auditada,Alta,510,Auditada,Média,310,Auditada,Média,300,1120,Risco Moderado
00000000046080,HAS,Hasbro Inc,NASDAQ,Produtos de Lazer,6421.0,15000,Não auditada,Média,255,Auditada,Média,301,Auditada,Média,300,856,Alto Risco
00000000049196,HBAN,Huntington Bancshares Inc,NASDAQ,Bancos,5606.0,17000,Auditada,Média,308,Auditada,Média,300,Auditada,Média,300,908,Risco Moderado
00000000320335,GL,Globe Life Inc,NYSE,Seguros,4850.0,9500,Não auditada,Média,215,Não auditada,Média,238,Não auditada,Média,215,668,Alto Risco
00000000040987,GPC,Genuine Parts Co,NYSE,Distribuidores,17119.0,50000,Auditada,Alta,535,Não auditada,Média,225,Auditada,Média,305,1065,Risco Moderado
00000001474735,GNRC,Generac Holdings Inc,NYSE,Equipamentos Elétricos,3736.0,7800,Auditada,Alta,535,Auditada,Média,311,Não auditada,Média,250,1096,Risco Moderado
00000001123360,GPN,Global Payments Inc,NYSE,Tecnologia,7735.0,26000,Auditada,Média,310,Auditada,Média,343,Não auditada,Média,265,918,Risco Moderado
00000000860730,HCA,HCA Healthcare Inc,NYSE,Cuidados com a Saúde,58752.0,244000,Auditada,Alta,520,Auditada,Média,348,Auditada,Média,305,1173,Baixo Risco
00000001359841,HBI,HanesBrands Inc,NYSE,Têxteis Vestuário e Bens de Luxo,6804.0,69000,Auditada,Média,310,Não auditada,Média,223,Auditada,Média,305,838,Alto Risco
00000001501585,HII,Huntington Ingalls Industries Inc,NYSE,Aeroespacial e Defesa,9524.0,43000,Auditada,Alta,545,Auditada,Média,315,Auditada,Média,315,1175,Baixo Risco
00000001645590,HPE,Hewlett Packard Enterprise Co,NYSE,Tecnologia,27784.0,60000,Não auditada,Média,230,Auditada,Média,359,Não auditada,Média,230,819,Alto Risco
00000000004447,HES,Hess Corp,NYSE,Energia,8479.0,1580,Auditada,Alta,535,Auditada,Média,300,Auditada,Média,305,1140,Risco Moderado
00000001585689,HLT,Hilton Worldwide Holdings Inc,NYSE,Hotéis Restaurantes e Lazer,5788.0,68000,Não auditada,Média,293,Não auditada,Média,200,Não auditada,Média,205,698,Alto Risco
00000000048465,HRL,Hormel Foods Corp,NYSE,Produtos Alimentícios,11389.0,20000,Auditada,Alta,570,Auditada,Média,322,Auditada,Média,300,1192,Baixo Risco
00000000047217,HPQ,HP Inc,NYSE,Tecnologia,63487.0,51000,Não auditada,Média,245,Não auditada,Média,211,Não auditada,Média,200,656,Alto Risco
00000000049071,HUM,Humana Inc,NYSE,Cuidados com a Saúde,83064.0,95000,Não auditada,Alta,462,Auditada,Média,300,Auditada,Média,300,1062,Risco Moderado
00000000004281,HWM,Howmet Aerospace Inc,NYSE,Aeroespacial e Defesa,4971.0,22000,Auditada,Alta,525,Auditada,Média,315,Auditada,Média,320,1160,Baixo Risco
00000000765880,PEAK,Healthpeak Properties Inc,NYSE,Imobiliário,1150.0,300,Auditada,Alta,535,Auditada,Média,331,Auditada,Média,335,1201,Baixo Risco
00000000040704,GIS,General Mills Inc,NYSE,Produtos Alimentícios,18627.0,35000,Auditada,Alta,585,Auditada,Média,326,Auditada,Média,365,1276,Baixo Risco
00000000040545,GE,General Electric Co,NYSE,Conglomerados Industriais,74196.0,174000,Auditada,Alta,533,Auditada,Média,300,Auditada,Média,300,1133,Risco Moderado
00000001639920,SPOT,Spotify Technology SA,NYSE,Mídia,9668.0,7400,Auditada,Alta,500,Não auditada,Média,283,Não auditada,Média,255,1038,Risco Moderado
00000001660734,TRTN,Triton International Ltd,NYSE,Empresas Comerciais e Distribuidores,1500.0,1000,Não auditada,Alta,477,Auditada,Média,306,Auditada,Média,300,1083,Risco Moderado
00000001630472,TRTX,TPG RE Finance Trust Inc,NYSE,Imobiliário,300.0,100,Não auditada,Média,230,Não auditada,Média,239,Auditada,Média,300,769,Alto Risco
00000001552033,TRU,TransUnion,NYSE,Serviços Profissionais,1900.0,9300,Auditada,Alta,510,Auditada,Média,313,Auditada,Média,310,1133,Risco Moderado
00000001670592,YETI,Yeti Holdings Inc,NYSE,Produtos de Lazer,1410.0,1000,Não auditada,Média,269,Não auditada,Média,253,Auditada,Média,305,827,Alto Risco
00000001345016,YELP,Yelp Inc,NYSE,Mídia,1003.0,4800,Não auditada,Média,245,Auditada,Alta,515,Não auditada,Média,213,973,Risco Moderado
00000001614178,YEXT,Yext Inc,NYSE,Tecnologia,369.0,1600,Auditada,Média,325,Auditada,Média,314,Auditada,Média,310,949,Risco Moderado
00000001364885,SPR,Spirit AeroSystems Holdings Inc,NYSE,Aeroespacial e Defesa,3454.0,13000,Auditada,Alta,515,Auditada,Média,337,Auditada,Média,300,1152,Baixo Risco
00000001819580,YSG,Yatsen Holding Ltd,NYSE,Produtos de Consumo,300.0,1500,Auditada,Média,355,Não auditada,Média,217,Auditada,Média,325,897,Alto Risco
00000001631761,YRD,Yiren Digital Ltd,NYSE,Serviços Financeiros,300.0,3000,Não auditada,Média,200,Não auditada,Média,205,Não auditada,Média,205,610,Alto Risco
00000001673358,YUMC,Yum China Holdings Inc,NYSE,Hotéis Restaurantes e Lazer,1052.0,7000,Não auditada,Média,205,Não auditada,Média,217,Não auditada,Média,220,642,Alto Risco
00000001530804,TROX,Tronox Holdings PLC,NYSE,Químicos,1800.0,6900,Auditada,Alta,503,Auditada,Média,320,Auditada,Média,300,1123,Risco Moderado
00000001720446,ZEPP,Zepp Health Corp,NYSE,Equipamentos Elétricos,200.0,3000,Não auditada,Média,202,Não auditada,Média,210,Não auditada,Média,295,707,Alto Risco
00000001802749,ZEV,Lightning eMotors Inc,NYSE,Maquinário,100.0,500,Auditada,Alta,535,Auditada,Média,391,Não auditada,Média,240,1166,Baixo Risco
00000001423774,ZUO,Zuora Inc,NYSE,Tecnologia,280.0,1400,Não auditada,Média,240,Não auditada,Média,234,Não auditada,Média,200,674,Alto Risco
00000001654126,ZIM,ZIM Integrated Shipping Services Ltd,NYSE,Marinha,7300.0,4000,Auditada,Média,329,Auditada,Média,351,Auditada,Média,320,1000,Risco Moderado
00000001403752,ZYME,Zymeworks Inc,NYSE,Biotecnologia,30.0,300,Não auditada,Média,240,Auditada,Média,326,Auditada,Média,305,871,Alto Risco
00000001439288,ZWS,Zurn Elkay Water Solutions Corp,NYSE,Construção Civil,600.0,2500,Auditada,Alta,500,Auditada,Média,300,Auditada,Média,300,1100,Risco Moderado
00000001856314,YOU,Clear Secure Inc,NYSE,Tecnologia,200.0,900,Auditada,Alta,515,Não auditada,Média,278,Não auditada,Média,205,998,Risco Moderado
00000001463172,ZEN,Zendesk Inc,NYSE,Tecnologia,1100.0,5000,Auditada,Alta,515,Auditada,Média,338,Auditada,Média,320,1173,Baixo Risco
00000000785786,PLXS,Plexus Corp,NASDAQ,Equipamentos Elétricos,793.0,17000,Auditada,Alta,510,Auditada,Média,300,Auditada,Média,300,1110,Risco Moderado
00000001448397,SHIP,Seanergy Maritime Holdings Corp,NASDAQ,Marinha,100.0,200,Auditada,Média,345,Auditada,Média,300,Auditada,Média,305,950,Risco Moderado
00000001831651,SHLS,Shoals Technologies Group Inc,NASDAQ,Equipamentos Elétricos,200.0,900,Não auditada,Média,285,Não auditada,Média,280,Auditada,Média,300,865,Alto Risco
00000000913241,SHOO,Steven Madden Ltd,NASDAQ,Têxteis Vestuário e Bens de Luxo,330.0,2300,Auditada,Alta,508,Não auditada,Média,231,Auditada,Média,300,1039,Risco Moderado
00000000743238,SHYF,Shyft Group Inc,NASDAQ,Maquinário,600.0,3000,Auditada,Alta,510,Auditada,Média,303,Não auditada,Média,275,1088,Risco Moderado
00000001459839,SIBN,SI-BONE Inc,NASDAQ,Cuidados com a Saúde,50.0,200,Não auditada,Média,220,Não auditada,Média,228,Não auditada,Média,210,658,Alto Risco
00000000065596,SIEB,Siebert Financial Corp,NASDAQ,Serviços Financeiros,30.0,150,Auditada,Média,300,Não auditada,Média,299,Não auditada,Média,235,834,Alto Risco
00000001692412,PLYA,Playa Hotels & Resorts NV,NASDAQ,Hotéis Restaurantes e Lazer,500.0,4000,Não auditada,Média,210,Não auditada,Média,200,Não auditada,Média,205,615,Alto Risco
00000001091907,WWE,World Wrestling Entertainment Inc,NYSE,Mídia,1055.0,850,Não auditada,Média,275,Auditada,Média,332,Auditada,Média,315,922,Risco Moderado
00000001157075,PMCB,PharmaCyte Biotech Inc,NASDAQ,Biotecnologia,5.0,80,Não auditada,Média,220,Não auditada,Média,202,Auditada,Média,300,722,Alto Risco
00000000110471,WWW,Wolverine World Wide Inc,NYSE,Têxteis Vestuário e Bens de Luxo,800.0,4000,Auditada,Média,390,Não auditada,Média,298,Auditada,Média,308,996,Risco Moderado
00000001616000,XHR,Xenia Hotels & Resorts Inc,NYSE,Imobiliário,600.0,1500,Não auditada,Média,260,Não auditada,Média,263,Não auditada,Média,236,759,Alto Risco
00000001163302,X,United States Steel Corp,NYSE,Metais e Mineração,16162.0,20000,Auditada,Alta,535,Auditada,Média,364,Auditada,Média,300,1199,Baixo Risco
00000001810997,XPEV,Xpeng Inc,NYSE,Automóveis,3265.0,10000,Não auditada,Média,215,Não auditada,Média,208,Não auditada,Média,200,623,Alto Risco
00000001166003,XPO,XPO Logistics Inc,NYSE,Rodovias e Ferrovias,12814.0,44000,Auditada,Alta,560,Auditada,Média,318,Auditada,Média,300,1178,Baixo Risco
00000001398453,XIN,Xinyuan Real Estate Co Ltd,NYSE,Imobiliário,500.0,3000,Não auditada,Média,205,Não auditada,Média,242,Auditada,Média,300,747,Alto Risco
00000001772720,XL,XL Fleet Corp,NYSE,Componentes Automotivos,1600.0,1100,Não auditada,Média,200,Não auditada,Média,200,Não auditada,Média,200,600,Alto Risco
00000001725033,XYF,X Financial,NYSE,Serviços Financeiros,800.0,3000,Não auditada,Média,215,Não auditada,Média,205,Não auditada,Média,200,620,Alto Risco
00000000775368,Y,Alleghany Corp,NYSE,Seguros,1200.0,2700,Não auditada,Média,215,Não auditada,Média,240,Auditada,Média,300,755,Alto Risco
00000001794350,YALA,Yalla Group Ltd,NYSE,Mídia,200.0,1000,Não auditada,Média,233,Não auditada,Média,244,Não auditada,Média,220,697,Alto Risco
00000000795403,WTS,Watts Water Technologies Inc,NYSE,Maquinário,500.0,2000,Não auditada,Alta,420,Auditada,Média,303,Não auditada,Média,210,933,Risco Moderado
00000001551693,SIEN,Sientra Inc,NASDAQ,Cuidados com a Saúde,120.0,600,Não auditada,Média,219,Auditada,Média,308,Não auditada,Média,236,763,Alto Risco
00000000910406,HAIN,Hain Celestial Group Inc,NASDAQ,Produtos Alimentícios,1900.0,4000,Auditada,Alta,520,Auditada,Média,302,Auditada,Média,305,1127,Risco Moderado
00000001742518,MTC,MMTEC Inc,NASDAQ,Tecnologia,200.0,1200,Não auditada,Média,221,Não auditada,Média,225,Auditada,Média,305,751,Alto Risco
00000001634379,MTCR,Metacrine Inc,NASDAQ,Biotecnologia,100.0,300,Não auditada,Média,210,Não auditada,Média,207,Auditada,Média,330,747,Alto Risco
00000001183765,MTEM,Molecular Templates Inc,NASDAQ,Biotecnologia,30.0,200,Auditada,Média,360,Auditada,Média,325,Auditada,Média,320,1005,Risco Moderado
00000001091223,MTLS,Materialise NV,NASDAQ,Tecnologia,200.0,900,Auditada,Alta,505,Auditada,Média,301,Auditada,Média,300,1106,Risco Moderado
00000001056358,MTEX,Mannatech Inc,NASDAQ,Produtos de Consumo,200.0,600,Não auditada,Média,200,Não auditada,Média,260,Não auditada,Média,230,690,Alto Risco
00000000866273,MTRX,Matrix Service Co,NASDAQ,Construção,600.0,2500,Auditada,Alta,589,Auditada,Média,390,Não auditada,Média,277,1256,Baixo Risco
00000001159036,HALO,Halozyme Therapeutics Inc,NASDAQ,Biotecnologia,200.0,900,Auditada,Alta,510,Auditada,Média,302,Auditada,Média,315,1127,Risco Moderado
00000000819913,HALL,Hallmark Financial Services Inc,NASDAQ,Seguros,200.0,400,Não auditada,Média,215,Não auditada,Média,233,Auditada,Média,300,748,Alto Risco
00000001277902,MVBF,MVB Financial Corp,NASDAQ,Bancos,200.0,600,Não auditada,Média,210,Não auditada,Média,215,Não auditada,Média,215,640,Alto Risco
00000001760689,MVST,Microvast Holdings Inc,NASDAQ,Maquinário,100.0,400,Não auditada,Média,225,Não auditada,Média,282,Não auditada,Média,210,717,Alto Risco
00000000065770,MVIS,MicroVision Inc,NASDAQ,Equipamentos Elétricos,20.0,200,Não auditada,Alta,451,Auditada,Média,300,Auditada,Média,330,1081,Risco Moderado
00000001287098,MXCT,MaxCyte Inc,NASDAQ,Ferramentas e Serviços de Ciências da Vida,30.0,200,Não auditada,Média,220,Auditada,Média,300,Não auditada,Média,248,768,Alto Risco
00000000899923,MYGN,Myriad Genetics Inc,NASDAQ,Biotecnologia,700.0,2700,Auditada,Média,353,Auditada,Média,321,Não auditada,Média,294,968,Risco Moderado
00000001327607,MYFW,First Western Financial Inc,NASDAQ,Bancos,150.0,500,Auditada,Média,351,Auditada,Média,300,Não auditada,Média,235,886,Alto Risco
00000001288469,MXL,Maxlinear Inc,NASDAQ,Semicondutores,880.0,3200,Auditada,Alta,535,Auditada,Média,325,Auditada,Média,335,1195,Baixo Risco
00000001321834,MYMD,MyMD Pharmaceuticals Inc,NASDAQ,Farmacêuticos,5.0,80,Não auditada,Média,205,Não auditada,Média,257,Não auditada,Média,230,692,Alto Risco
00000001823878,MYPS,Playstudios Inc,NASDAQ,Mídia,100.0,500,Não auditada,Média,205,Não auditada,Média,202,Não auditada,Média,200,607,Alto Risco
00000001819394,MTTR,Matterport Inc,NASDAQ,Tecnologia,480.0,1500,Auditada,Média,346,Auditada,Média,325,Não auditada,Média,260,931,Risco Moderado
00000001493594,MTSI,MACOM Technology Solutions Holdings Inc,NASDAQ,Semicondutores,500.0,1600,Auditada,Média,377,Auditada,Média,309,Não auditada,Média,255,941,Risco Moderado
00000000840715,CLRO,Clearone Inc,NASDAQ,Comunicações,200.0,600,Auditada,Média,370,Não auditada,Média,228,Não auditada,Média,210,808,Alto Risco
00000000749647,CLSN,Celsion Corp,NASDAQ,Biotecnologia,20.0,150,Não auditada,Média,255,Não auditada,Média,214,Auditada,Média,300,769,Alto Risco
00000000885462,GURE,Gulf Resources Inc,NASDAQ,Químicos,200.0,600,Não auditada,Alta,408,Não auditada,Média,206,Auditada,Média,300,914,Risco Moderado
00000000944480,GVP,GSE Systems Inc,NASDAQ,Tecnologia,200.0,800,Auditada,Alta,505,Auditada,Média,307,Não auditada,Média,245,1057,Risco Moderado
00000001589061,GYRO,Gyrodyne LLC,NASDAQ,Imobiliário,100.0,400,Não auditada,Média,240,Não auditada,Média,206,Não auditada,Média,240,686,Alto Risco
00000001434728,GWRS,Global Water Resources Inc,NASDAQ,Utilidades,100.0,300,Auditada,Média,367,Não auditada,Média,297,Não auditada,Média,235,899,Alto Risco
00000001172222,HA,Hawaiian Holdings Inc,NASDAQ,Companhias Aéreas,1990.0,8000,Não auditada,Média,200,Auditada,Média,321,Não auditada,Média,200,721,Alto Risco
00000000827876,CLSK,CleanSpark Inc,NASDAQ,Tecnologia,130.0,300,Auditada,Alta,570,Auditada,Média,326,Auditada,Média,310,1206,Baixo Risco
00000001539029,CLSD,Clearside Biomedical Inc,NASDAQ,Farmacêuticos,30.0,100,Não auditada,Média,215,Não auditada,Média,230,Não auditada,Média,200,645,Alto Risco
00000001824013,HAAC,Health Assurance Acquisition Corp,NASDAQ,Serviços Financeiros,0.0,20,Não auditada,Média,200,Não auditada,Média,258,Auditada,Média,300,758,Alto Risco
00000001109242,HAFC,Hanmi Financial Corp,NASDAQ,Bancos,200.0,600,Não auditada,Média,250,Não auditada,Média,207,Não auditada,Média,233,690,Alto Risco
00000001849867,CLST,Catalyst Bancorp Inc,NASDAQ,Serviços Financeiros,50.0,100,Não auditada,Média,260,Auditada,Média,350,Não auditada,Média,267,877,Alto Risco
00000001026662,CLWT,Euro Tech Holdings Company Ltd,NASDAQ,Empresas Comerciais e Distribuidores,100.0,500,Não auditada,Média,230,Não auditada,Média,201,Não auditada,Média,210,641,Alto Risco
00000001705843,CLXT,Calyxt Inc,NASDAQ,Biotecnologia,50.0,200,Auditada,Alta,535,Auditada,Média,322,Auditada,Média,325,1182,Baixo Risco
00000001738177,CMBM,Cambium Networks Corp,NASDAQ,Comunicações,330.0,1500,Auditada,Alta,505,Auditada,Média,337,Auditada,Média,300,1142,Risco Moderado
00000001005229,CMCO,Columbus McKinnon Corp,NASDAQ,Maquinário,550.0,2500,Não auditada,Média,200,Auditada,Média,323,Não auditada,Média,240,763,Alto Risco
00000000943184,EVK,Ever-Glory International Group Inc,NASDAQ,Têxteis Vestuário e Bens de Luxo,50.0,300,Não auditada,Média,200,Não auditada,Média,211,Não auditada,Média,210,621,Alto Risco
00000001466301,CLVS,Clovis Oncology Inc,NASDAQ,Biotecnologia,30.0,400,Não auditada,Média,225,Não auditada,Média,212,Auditada,Média,300,737,Alto Risco
00000001819615,CLVR,Clever Leaves Holdings Inc,NASDAQ,Farmacêuticos,0.0,20,Não auditada,Média,225,Não auditada,Média,243,Não auditada,Média,205,673,Alto Risco
00000001751876,HAPP,Happiness Development Group Ltd,NASDAQ,Produtos de Consumo,5.0,80,Não auditada,Média,225,Não auditada,Média,207,Auditada,Média,300,732,Alto Risco
00000001436425,HBCP,Home Bancorp Inc,NASDAQ,Serviços Financeiros,150.0,500,Não auditada,Média,230,Não auditada,Média,202,Não auditada,Média,200,632,Alto Risco
00000001123494,HBIO,Harvard Bioscience Inc,NASDAQ,Ferramentas e Serviços de Ciências da Vida,150.0,600,Não auditada,Média,250,Não auditada,Média,221,Auditada,Média,300,771,Alto Risco
00000000706129,HBNC,Horizon Bancorp Inc,NASDAQ,Bancos,250.0,900,Não auditada,Média,255,Auditada,Média,321,Não auditada,Média,233,809,Alto Risco
00000000775215,HBT,HBT Financial Inc,NASDAQ,Bancos,200.0,700,Não auditada,Média,245,Não auditada,Média,275,Auditada,Média,300,820,Alto Risco
00000001636422,HCAT,Health Catalyst Inc,NASDAQ,Cuidados com a Saúde,300.0,1200,Auditada,Alta,545,Auditada,Média,324,Auditada,Média,320,1189,Baixo Risco
00000001824846,HCAR,Healthcare Services Acquisition Corp,NASDAQ,Serviços Financeiros,0.0,30,Não auditada,Média,245,Não auditada,Média,205,Auditada,Média,300,750,Alto Risco
00000001708493,HARP,Harpoon Therapeutics Inc,NASDAQ,Biotecnologia,10.0,100,Não auditada,Alta,485,Auditada,Média,300,Auditada,Média,310,1095,Risco Moderado
00000000858655,HAYN,Haynes International Inc,NASDAQ,Metais e Mineração,430.0,1200,Auditada,Alta,500,Auditada,Média,301,Auditada,Média,300,1101,Risco Moderado
00000001098146,PNBK,Patriot National Bancorp Inc,NASDAQ,Bancos,100.0,300,Não auditada,Média,205,Auditada,Média,302,Não auditada,Média,210,717,Alto Risco
00000001784567,HCDI,Harbor Custom Development Inc,NASDAQ,Produtos de Consumo,200.0,500,Não auditada,Média,222,Não auditada,Média,221,Não auditada,Média,208,651,Alto Risco
00000001403431,HCCI,Heritage-Crystal Clean Inc,NASDAQ,Serviços e Suprimentos Comerciais,150.0,400,Auditada,Alta,525,Não auditada,Alta,400,Auditada,Média,300,1225,Baixo Risco
00000001115055,PNFP,Pinnacle Financial Partners Inc,NASDAQ,Bancos,600.0,2200,Não auditada,Média,271,Auditada,Média,328,Não auditada,Média,250,849,Alto Risco
00000001811764,PNT,POINT Biopharma Global Inc,NASDAQ,Biotecnologia,0.0,20,Auditada,Média,320,Não auditada,Média,221,Não auditada,Média,285,826,Alto Risco
00000001446159,POAI,Predictive Oncology Inc,NASDAQ,Cuidados com a Saúde,20.0,150,Não auditada,Média,278,Não auditada,Média,297,Não auditada,Média,220,795,Alto Risco
00000001622345,POLA,Polar Power Inc,NASDAQ,Equipamentos Elétricos,50.0,300,Não auditada,Média,200,Não auditada,Média,200,Não auditada,Média,200,600,Alto Risco
00000001145197,PODD,Insulet Corp,NASDAQ,Cuidados com a Saúde,298.0,2000,Não auditada,Média,215,Não auditada,Média,233,Não auditada,Média,205,653,Alto Risco
00000000833640,POWI,Power Integrations Inc,NASDAQ,Semicondutores,580.0,1900,Auditada,Alta,575,Não auditada,Média,285,Auditada,Média,305,1165,Baixo Risco
00000001015383,POWW,Ammo Inc,NASDAQ,Produtos de Lazer,150.0,500,Não auditada,Média,233,Não auditada,Média,224,Não auditada,Média,200,657,Alto Risco
00000000056868,PNRG,Primeenergy Resources Corp,NASDAQ,Energia,800.0,100,Não auditada,Média,200,Não auditada,Média,200,Não auditada,Média,260,660,Alto Risco
00000001766400,PNTG,Pennant Group Inc,NASDAQ,Cuidados com a Saúde,800.0,8000,Não auditada,Média,245,Auditada,Média,306,Não auditada,Média,200,751,Alto Risco
00000001028918,PPBI,Pacific Premier Bancorp Inc,NASDAQ,Bancos,600.0,2000,Auditada,Alta,565,Auditada,Média,328,Auditada,Média,315,1208,Baixo Risco
00000000914122,PPIH,Perma-Pipe International Holdings Inc,NASDAQ,Maquinário,100.0,400,Auditada,Alta,500,Não auditada,Média,260,Auditada,Média,300,1060,Risco Moderado
00000000802481,PPC,Pilgrims Pride Corp,NASDAQ,Produtos Alimentícios,4000.0,50000,Auditada,Alta,500,Auditada,Média,302,Não auditada,Média,220,1022,Risco Moderado
00000001185348,PRAA,PRA Group Inc,NASDAQ,Serviços Financeiros,900.0,4000,Não auditada,Alta,473,Auditada,Média,321,Auditada,Média,310,1104,Risco Moderado
00000001449792,PPSI,Pioneer Power Solutions Inc,NASDAQ,Equipamentos Elétricos,50.0,300,Não auditada,Média,299,Auditada,Média,305,Auditada,Média,315,919,Risco Moderado
00000001689548,PRAX,Praxis Precision Medicines Inc,NASDAQ,Biotecnologia,20.0,200,Não auditada,Média,200,Não auditada,Média,215,Não auditada,Média,215,630,Alto Risco
00000001588978,PRCT,Procept Biorobotics Corp,NASDAQ,Cuidados com a Saúde,200.0,800,Não auditada,Média,200,Não auditada,Média,224,Auditada,Média,300,724,Alto Risco
00000001784535,PRCH,Porch Group Inc,NASDAQ,Varejo,300.0,1500,Não auditada,Média,225,Não auditada,Média,227,Não auditada,Média,215,667,Alto Risco
00000001876431,PRE,Artisan Acquisition Corp,NASDAQ,Saúde,200.0,600,Não auditada,Média,245,Não auditada,Média,203,Não auditada,Média,265,713,Alto Risco
00000001046568,PRDO,Perdoceo Education Corp,NASDAQ,Serviços Diversificados ao Consumidor,600.0,3500,Auditada,Média,365,Não auditada,Média,297,Não auditada,Média,250,912,Risco Moderado
00000001300734,SISI,Shineco Inc,NASDAQ,Produtos de Consumo,30.0,200,Auditada,Média,340,Auditada,Média,346,Auditada,Média,305,991,Risco Moderado
00000001451809,SITM,SiTime Corp,NASDAQ,Semicondutores,200.0,800,Auditada,Alta,505,Auditada,Média,304,Auditada,Média,300,1109,Risco Moderado
00000000908937,SIRI,Sirius XM Holdings Inc,NASDAQ,Mídia,8700.0,9500,Não auditada,Média,240,Auditada,Média,302,Não auditada,Média,205,747,Alto Risco
00000001753673,SJ,Scienjoy Holding Corp,NASDAQ,Mídia,100.0,500,Não auditada,Média,260,Auditada,Média,320,Não auditada,Média,240,820,Alto Risco
00000001829427,POW,Powered Brands,NASDAQ,Serviços Financeiros,200.0,1000,Não auditada,Média,235,Não auditada,Média,231,Não auditada,Média,250,716,Alto Risco
00000000080420,POWL,Powell Industries Inc,NASDAQ,Equipamentos Elétricos,500.0,2200,Auditada,Alta,500,Não auditada,Média,240,Não auditada,Média,215,955,Risco Moderado
00000001627475,UPWK,Upwork Inc,NASDAQ,Serviços Profissionais,503.0,800,Não auditada,Média,275,Não auditada,Média,264,Não auditada,Média,278,817,Alto Risco
00000000883945,USAK,USA Truck Inc,NASDAQ,Rodovias e Ferrovias,600.0,2200,Auditada,Alta,532,Auditada,Média,311,Auditada,Média,303,1146,Risco Moderado
00000000027093,USAU,US Gold Corp,NASDAQ,Metais e Mineração,5.0,50,Não auditada,Alta,400,Não auditada,Média,240,Auditada,Média,300,940,Risco Moderado
00000000931584,USAP,Universal Stainless & Alloy Products Inc,NASDAQ,Metais e Mineração,200.0,700,Não auditada,Média,238,Não auditada,Média,231,Não auditada,Média,200,669,Alto Risco
00000000101594,USEG,US Energy Corp,NASDAQ,Energia,100.0,200,Não auditada,Alta,438,Não auditada,Média,265,Auditada,Média,315,1018,Risco Moderado
00000001088034,USIO,Usio Inc,NASDAQ,Tecnologia,70.0,300,Não auditada,Média,285,Não auditada,Média,245,Não auditada,Média,240,770,Alto Risco
00000001082554,UTHR,United Therapeutics Corp,NASDAQ,Biotecnologia,1600.0,1700,Não auditada,Média,233,Não auditada,Média,259,Auditada,Média,300,792,Alto Risco
00000001668243,URGN,Urogen Pharma Ltd,NASDAQ,Biotecnologia,30.0,200,Não auditada,Média,210,Não auditada,Média,251,Não auditada,Média,290,751,Alto Risco
00000000912615,URBN,Urban Outfitters Inc,NASDAQ,Varejo,4033.0,23000,Auditada,Média,335,Auditada,Média,300,Auditada,Média,300,935,Risco Moderado
00000001789299,UTME,Utime Ltd,NASDAQ,Equipamentos Elétricos,50.0,300,Não auditada,Média,217,Não auditada,Média,200,Não auditada,Média,200,617,Alto Risco
00000001452965,UTRS,Minerva Surgical Inc,NASDAQ,Cuidados com a Saúde,100.0,500,Não auditada,Média,205,Não auditada,Média,201,Não auditada,Média,210,616,Alto Risco
00000001030471,UTSI,UTStarcom Holdings Corp,NASDAQ,Comunicações,50.0,300,Auditada,Média,340,Auditada,Média,310,Auditada,Média,365,1015,Risco Moderado
00000001729173,UXIN,Uxin Ltd,NASDAQ,Varejo,400.0,4000,Não auditada,Média,203,Não auditada,Média,202,Não auditada,Média,225,630,Alto Risco
00000000102212,UVSP,Univest Financial Corp,NASDAQ,Bancos,250.0,800,Auditada,Média,331,Auditada,Média,322,Auditada,Média,305,958,Risco Moderado
00000001597835,CMCM,Cheetah Mobile Inc,NYSE,Tecnologia,200.0,900,Não auditada,Média,205,Não auditada,Média,214,Não auditada,Média,215,634,Alto Risco
00000000022444,CMC,Commercial Metals Co,NYSE,Metais e Mineração,5543.0,15000,Não auditada,Média,223,Não auditada,Média,212,Não auditada,Média,200,635,Alto Risco
00000000082020,USLM,United States Lime & Minerals Inc,NASDAQ,Construção,200.0,700,Auditada,Alta,500,Não auditada,Média,233,Auditada,Média,300,1033,Risco Moderado
00000000706698,UTMD,Utah Medical Products Inc,NASDAQ,Cuidados com a Saúde,100.0,400,Não auditada,Média,240,Não auditada,Média,236,Não auditada,Média,250,726,Alto Risco
00000001227654,CMP,Compass Minerals International Inc,NYSE,Metais e Mineração,1400.0,4000,Auditada,Alta,505,Auditada,Média,302,Auditada,Média,320,1127,Risco Moderado
00000001824301,CND,Concord Acquisition Corp,NYSE,Serviços Financeiros,0.0,20,Não auditada,Média,205,Não auditada,Média,257,Auditada,Média,300,762,Alto Risco
00000001733868,CNF,CNFinance Holdings Ltd,NYSE,Serviços Financeiros,1500.0,5000,Não auditada,Média,200,Não auditada,Média,200,Não auditada,Média,220,620,Alto Risco
00000000816956,CNMD,Conmed Corp,NYSE,Cuidados com a Saúde,400.0,1500,Não auditada,Alta,441,Auditada,Média,300,Não auditada,Média,270,1011,Risco Moderado
00000001385280,CNK,Cinemark Holdings Inc,NYSE,Mídia,1200.0,22000,Auditada,Média,330,Auditada,Média,300,Auditada,Média,300,930,Risco Moderado
00000001704720,CNNE,Cannae Holdings Inc,NYSE,Serviços Financeiros,300.0,1200,Não auditada,Média,215,Não auditada,Média,203,Não auditada,Média,203,621,Alto Risco
00000001224608,CNO,CNO Financial Group Inc,NYSE,Seguros,1400.0,3400,Auditada,Alta,500,Auditada,Média,322,Auditada,Média,315,1137,Risco Moderado
00000000021175,CNA,CNA Financial Corp,NYSE,Seguros,10900.0,5800,Auditada,Alta,540,Auditada,Média,329,Auditada,Média,340,1209,Baixo Risco
00000001503584,CMRE,Costamare Inc,NYSE,Marinha,500.0,800,Não auditada,Média,242,Não auditada,Média,204,Não auditada,Média,200,646,Alto Risco
00000000861459,GVA,Granite Construction Inc,NYSE,Construção,3500.0,9000,Não auditada,Média,200,Não auditada,Média,200,Não auditada,Média,200,600,Alto Risco
00000001408710,FN,Fabrinet,NYSE,Equipamentos Elétricos,1800.0,8000,Auditada,Alta,510,Não auditada,Média,209,Não auditada,Média,210,929,Risco Moderado
00000001468174,H,Hyatt Hotels Corp,NYSE,Hotéis Restaurantes e Lazer,3377.0,66000,Não auditada,Média,235,Não auditada,Média,209,Não auditada,Média,205,649,Alto Risco
00000001561894,HASI,Hannon Armstrong Sustainable Infrastructure Capital Inc,NYSE,Imobiliário,300.0,250,Não auditada,Excelente,646,Não auditada,Alta,404,Auditada,Média,313,1363,Baixo Risco
00000001834622,HAYW,Hayward Holdings Inc,NYSE,Construção Civil,600.0,2500,Auditada,Alta,535,Auditada,Média,305,Auditada,Média,300,1140,Risco Moderado
00000001709164,HBB,Hamilton Beach Brands Holding Co,NYSE,Produtos de Consumo,1700.0,4500,Não auditada,Média,245,Não auditada,Média,272,Não auditada,Média,230,747,Alto Risco
00000001691303,HCC,Warrior Met Coal Inc,NYSE,Metais e Mineração,700.0,3500,Não auditada,Média,215,Não auditada,Média,200,Não auditada,Média,200,615,Alto Risco
00000001400810,HCI,Hci Group Inc,NYSE,Seguros,350.0,500,Não auditada,Média,205,Não auditada,Média,260,Auditada,Média,300,765,Alto Risco
00000000354707,HE,Hawaiian Electric Industries Inc,NYSE,Utilidades,2700.0,7300,Auditada,Alta,585,Auditada,Média,348,Auditada,Média,310,1243,Baixo Risco
00000001528396,GWRE,Guidewire Software Inc,NYSE,Tecnologia,820.0,3200,Auditada,Alta,549,Auditada,Média,321,Auditada,Média,330,1200,Baixo Risco
00000000313143,HAE,Haemonetics Corp,NYSE,Cuidados com a Saúde,900.0,5500,Não auditada,Alta,448,Auditada,Média,303,Auditada,Média,305,1056,Risco Moderado
00000001283140,HEP,Holly Energy Partners LP,NYSE,Energia,600.0,800,Auditada,Alta,511,Não auditada,Média,225,Não auditada,Média,215,951,Risco Moderado
00000001674168,HGV,Hilton Grand Vacations Inc,NYSE,Hotéis Restaurantes e Lazer,1300.0,7000,Auditada,Média,305,Não auditada,Média,288,Não auditada,Média,250,843,Alto Risco
00000001417398,HI,Hillenbrand Inc,NYSE,Maquinário,900.0,4000,Não auditada,Alta,489,Auditada,Média,349,Auditada,Média,300,1138,Risco Moderado
00000001498828,HHC,Howard Hughes Corp,NYSE,Imobiliário,1200.0,1600,Auditada,Alta,500,Auditada,Média,300,Auditada,Média,300,1100,Risco Moderado
00000001404655,HUBS,HubSpot Inc,NYSE,Tecnologia,1301.0,5400,Não auditada,Alta,480,Auditada,Média,329,Auditada,Média,320,1129,Risco Moderado
00000001789832,HESM,Hess Midstream LP,NYSE,Energia,500.0,800,Auditada,Média,307,Não auditada,Média,257,Não auditada,Média,255,819,Alto Risco
00000000046619,HEI,HEICO Corp,NYSE,Aeroespacial e Defesa,2100.0,7000,Não auditada,Média,225,Não auditada,Média,203,Não auditada,Média,205,633,Alto Risco
